id,season,gameType,gameDate,neutralSite,startTimeUTC,easternUTCOffset,venueUTCOffset,venueTimezone,gameState,gameScheduleState,awayTeam.id,awayTeam.commonName.default,awayTeam.placeNameWithPreposition.default,awayTeam.placeNameWithPreposition.fr,awayTeam.abbrev,awayTeam.score,homeTeam.id,homeTeam.commonName.default,homeTeam.placeNameWithPreposition.default,homeTeam.placeNameWithPreposition.fr,homeTeam.abbrev,homeTeam.score,periodDescriptor.periodType,periodDescriptor.maxRegulationPeriods,gameOutcome.lastPeriodType,winningGoalie.playerId,winningGoalScorer.playerId,condensedGame,condensedGameFr,ticketsLinkFr,awayTeam.commonName.fr,homeTeam.commonName.fr,winningGoalie.lastName.de,winningGoalie.lastName.es,winningGoalie.lastName.sv,specialEvent.parentId,specialEvent.name.default,specialEvent.name.fr,tricode_winteam
2025020001,20252026,2,2025-10-07,False,2025-10-07T21:00:00Z,-04:00,-04:00,US/Eastern,OFF,OK,16,Blackhawks,Chicago,de Chicago,CHI,2.0,13,Panthers,Florida,de la Floride,FLA,3.0,REG,3,REG,8475683.0,8480003.0,/video/chi-at-fla-condensed-game-6382229224112,/fr/video/match-condense-blackhawks-panthers-07-10-2025-6382228371112,,,,,,,,,,FLA
2025020002,20252026,2,2025-10-07,False,2025-10-08T00:00:00Z,-04:00,-04:00,America/New_York,OFF,OK,5,Penguins,Pittsburgh,de Pittsburgh,PIT,3.0,3,Rangers,New York,de New York,NYR,0.0,REG,3,REG,8481668.0,8479638.0,,/fr/video/match-condense-penguins-rangers-07-10-2025-6382238500112,,,,,,,,,,PIT
2025020003,20252026,2,2025-10-07,False,2025-10-08T02:30:00Z,-04:00,-07:00,America/Los_Angeles,OFF,OK,21,Avalanche,Colorado,du Colorado,COL,4.0,26,Kings,Los Angeles,de Los Angeles,LAK,1.0,REG,3,REG,8475809.0,8484258.0,/video/col-at-lak-condensed-game-6382249450112,/fr/video/match-condense-avalanche-kings-07-10-2025-6382249135112,,,,,,,,,,COL
2025020004,20252026,2,2025-10-08,False,2025-10-08T23:00:00Z,-04:00,-04:00,America/Toronto,OFF,OK,8,Canadiens,Montréal,de Montréal,MTL,2.0,10,Maple Leafs,Toronto,de Toronto,TOR,5.0,REG,3,REG,8476932.0,8476853.0,/video/mtl-at-tor-condensed-game-6382421746112,/fr/video/match-condense-canadiens-maple-leafs-08-10-2025-6382421350112,,,,,,,,,,TOR
2025020005,20252026,2,2025-10-08,False,2025-10-08T23:30:00Z,-04:00,-04:00,US/Eastern,OFF,OK,6,Bruins,Boston,de Boston,BOS,3.0,15,Capitals,Washington,de Washington,WSH,1.0,REG,3,REG,8480280.0,8477496.0,/video/bos-at-wsh-condensed-game-6382426359112,/fr/video/match-condense-bruins-capitals-08-10-2025-6382426348112,,,,,,,,,,BOS
2025020007,20252026,2,2025-10-08,False,2025-10-09T02:00:00Z,-04:00,-07:00,US/Pacific,OFF,OK,26,Kings,Los Angeles,de Los Angeles,LAK,6.0,54,Golden Knights,Vegas,de Vegas,VGK,5.0,SO,3,SO,8476341.0,,/video/lak-at-vgk-condensed-game-6382470408112,/fr/video/match-condense-kings-golden-knights-08-10-2025-6382456847112,,,,,,,,,,LAK
2025020006,20252026,2,2025-10-08,False,2025-10-09T02:00:00Z,-04:00,-06:00,America/Edmonton,OFF,OK,20,Flames,Calgary,de Calgary,CGY,4.0,22,Oilers,Edmonton,d'Edmonton,EDM,3.0,SO,3,SO,8481692.0,,/video/cgy-at-edm-condensed-game-6382457194112,/fr/video/match-condense-flames-oilers-08-10-2025-6382456293112,,,,,,,,,,CGY
2025020011,20252026,2,2025-10-09,False,2025-10-09T23:00:00Z,-04:00,-04:00,US/Eastern,OFF,OK,9,Senators,Ottawa,d'Ottawa,OTT,5.0,14,Lightning,Tampa Bay,de Tampa Bay,TBL,4.0,REG,3,REG,8476999.0,8473512.0,/video/ott-at-tbl-condensed-game-6382536035112,/fr/video/match-condense-senators-lightning-09-10-2025-6382534561112,,Sénateurs,,,,,,,,OTT
2025020013,20252026,2,2025-10-09,False,2025-10-09T23:00:00Z,-04:00,-04:00,US/Eastern,OFF,OK,2,Islanders,New York,de New York,NYI,3.0,5,Penguins,Pittsburgh,de Pittsburgh,PIT,4.0,REG,3,REG,8477465.0,8479638.0,/video/nyi-at-pit-condensed-game-6382533863112,/fr/video/match-condense-islanders-penguins-09-10-2025-6382532887112,,,,,,,,,,PIT
2025020012,20252026,2,2025-10-09,False,2025-10-09T23:00:00Z,-04:00,-04:00,US/Eastern,OFF,OK,4,Flyers,Philadelphia,de Philadelphie,PHI,1.0,13,Panthers,Florida,de la Floride,FLA,2.0,REG,3,REG,8475683.0,8473419.0,/video/phi-at-fla-condensed-game-6382533361112,/fr/video/match-condense-flyers-panthers-09-10-2025-6382533960112,,,,,,,,,,FLA
2025020008,20252026,2,2025-10-09,False,2025-10-09T23:00:00Z,-04:00,-04:00,US/Eastern,OFF,OK,16,Blackhawks,Chicago,de Chicago,CHI,3.0,6,Bruins,Boston,de Boston,BOS,4.0,OT,3,OT,8476914.0,8483489.0,/video/chi-at-bos-condensed-game-6382534147112,/fr/video/match-condense-blackhawks-bruins-09-10-2025-6382534740112,,,,,,,,,,BOS
2025020009,20252026,2,2025-10-09,False,2025-10-09T23:00:00Z,-04:00,-04:00,America/New_York,OFF,OK,3,Rangers,New York,de New York,NYR,4.0,7,Sabres,Buffalo,de Buffalo,BUF,0.0,REG,3,REG,8478048.0,8482109.0,/video/nyr-at-buf-condensed-game-6382533389112,/fr/video/match-condense-rangers-sabres-09-10-2025-6382535624112,,,,,,,,,,NYR
2025020010,20252026,2,2025-10-09,False,2025-10-09T23:00:00Z,-04:00,-04:00,America/Detroit,OFF,OK,8,Canadiens,Montréal,de Montréal,MTL,5.0,17,Red Wings,Detroit,de Detroit,DET,1.0,REG,3,REG,8482487.0,8482775.0,/video/mtl-at-det-condensed-game-6382534209112,/fr/video/match-condense-canadiens-red-wings-09-10-2025-6382531173112,,,,,,,,,,MTL
2025020014,20252026,2,2025-10-09,False,2025-10-09T23:30:00Z,-04:00,-04:00,US/Eastern,OFF,OK,1,Devils,New Jersey,du New Jersey,NJD,3.0,12,Hurricanes,Carolina,de la Caroline,CAR,6.0,REG,3,REG,8475883.0,8482093.0,/video/njd-at-car-condensed-game-6382534375112,/fr/video/match-condense-devils-hurricanes-09-10-2025-6382534944112,,,,,,,,,,CAR
2025020017,20252026,2,2025-10-09,False,2025-10-10T00:00:00Z,-04:00,-05:00,America/Winnipeg,OFF,OK,25,Stars,Dallas,de Dallas,DAL,5.0,52,Jets,Winnipeg,de Winnipeg,WPG,4.0,REG,3,REG,8479979.0,8482740.0,/video/dal-at-wpg-condensed-game-6382538451112,/fr/video/match-condense-stars-jets-09-10-2025-6382535901112,,,,,,,,,,DAL
2025020016,20252026,2,2025-10-09,False,2025-10-10T00:00:00Z,-04:00,-05:00,US/Central,OFF,OK,29,Blue Jackets,Columbus,de Columbus,CBJ,1.0,18,Predators,Nashville,de Nashville,NSH,2.0,REG,3,REG,8477424.0,8475158.0,/video/cbj-at-nsh-condensed-game-6382536477112,/fr/video/match-condense-blue-jackets-predators-09-10-2025-6382537360112,,,,,,,,,,NSH
2025020015,20252026,2,2025-10-09,False,2025-10-10T00:00:00Z,-04:00,-05:00,US/Central,OFF,OK,30,Wild,Minnesota,du Minnesota,MIN,5.0,19,Blues,St. Louis,de St. Louis,STL,0.0,REG,3,REG,8479406.0,8477451.0,/video/min-at-stl-condensed-game-6382536077112,/fr/video/match-condense-wild-blues-09-10-2025-6382535678112,,,,,,,,,,MIN
2025020018,20252026,2,2025-10-09,False,2025-10-10T01:00:00Z,-04:00,-06:00,America/Denver,OFF,OK,68,Mammoth,Utah,de l'Utah,UTA,1.0,21,Avalanche,Colorado,du Colorado,COL,2.0,REG,3,REG,8475809.0,8477492.0,/video/uta-at-col-condensed-game-6382539379112,/fr/video/match-condense-mammoth-avalanche-09-10-2025-6382537513112,,,,,,,,,,COL
2025020020,20252026,2,2025-10-09,False,2025-10-10T02:00:00Z,-04:00,-07:00,US/Pacific,OFF,OK,54,Golden Knights,Vegas,de Vegas,VGK,4.0,28,Sharks,San Jose,de San Jose,SJS,3.0,OT,3,OT,8481033.0,8475191.0,/video/vgk-at-sjs-condensed-game-6382540407112,/fr/video/match-condense-golden-knights-sharks-09-10-2025-6382539427112,,,,,,,,,,VGK
2025020019,20252026,2,2025-10-09,False,2025-10-10T02:00:00Z,-04:00,-07:00,America/Vancouver,OFF,OK,20,Flames,Calgary,de Calgary,CGY,1.0,23,Canucks,Vancouver,de Vancouver,VAN,5.0,REG,3,REG,8477967.0,8480078.0,/video/cgy-at-van-condensed-game-6382540611112,/fr/video/match-condense-flames-canucks-09-10-2025-6382539031112,,,,,,,,,,VAN
2025020021,20252026,2,2025-10-09,False,2025-10-10T02:00:00Z,-04:00,-07:00,US/Pacific,OFF,OK,24,Ducks,Anaheim,d'Anaheim,ANA,1.0,55,Kraken,Seattle,de Seattle,SEA,3.0,REG,3,REG,8478916.0,8478975.0,/video/ana-at-sea-condensed-game-6382539425112,/fr/video/match-condense-ducks-kraken-09-10-2025-6382540120112,,,,,,,,,,SEA
2025020022,20252026,2,2025-10-11,False,2025-10-11T17:30:00Z,-04:00,-05:00,America/Winnipeg,OFF,OK,26,Kings,Los Angeles,de Los Angeles,LAK,2.0,52,Jets,Winnipeg,de Winnipeg,WPG,3.0,REG,3,REG,8476945.0,8476460.0,/video/lak-at-wpg-condensed-game-6382630160112,/fr/video/match-condense-kings-jets-11-10-2025-6382628382112,,,,,,,,,,WPG
2025020023,20252026,2,2025-10-11,False,2025-10-11T20:00:00Z,-04:00,-06:00,US/Mountain,OFF,OK,19,Blues,St. Louis,de St. Louis,STL,4.0,20,Flames,Calgary,de Calgary,CGY,2.0,REG,3,REG,8480981.0,8482089.0,/video/stl-at-cgy-condensed-game-6382632227112,/fr/video/match-condense-blues-flames-11-10-2025-6382631955112,,,,,,,,,,STL
2025020031,20252026,2,2025-10-11,False,2025-10-11T23:00:00Z,-04:00,-05:00,America/Chicago,OFF,OK,8,Canadiens,Montréal,de Montréal,MTL,3.0,16,Blackhawks,Chicago,de Chicago,CHI,2.0,REG,3,REG,8478470.0,8482087.0,/video/mtl-at-chi-condensed-game-6382638370112,/fr/video/match-condense-canadiens-blackhawks-11-10-2025-6382638471112,,,,,,,,,,MTL
2025020029,20252026,2,2025-10-11,False,2025-10-11T23:00:00Z,-04:00,-04:00,US/Eastern,OFF,OK,3,Rangers,New York,de New York,NYR,6.0,5,Penguins,Pittsburgh,de Pittsburgh,PIT,1.0,REG,3,REG,8478048.0,8479323.0,/video/nyr-at-pit-condensed-game-6382637670112,/fr/video/match-condense-rangers-penguins-11-10-2025-6382637379112,,,,,,,,,,NYR
2025020030,20252026,2,2025-10-11,False,2025-10-11T23:00:00Z,-04:00,-04:00,US/Eastern,OFF,OK,4,Flyers,Philadelphia,de Philadelphie,PHI,3.0,12,Hurricanes,Carolina,de la Caroline,CAR,4.0,OT,3,OT,8475883.0,8482093.0,/video/phi-at-car-condensed-game-6382637202112,/fr/video/match-condense-flyers-hurricanes-11-10-2025-6382639052112,,,,,,,,,,CAR
2025020028,20252026,2,2025-10-11,False,2025-10-11T23:00:00Z,-04:00,-04:00,America/New_York,OFF,OK,15,Capitals,Washington,de Washington,WSH,4.0,2,Islanders,New York,de New York,NYI,2.0,REG,3,REG,8480313.0,8484186.0,/video/wsh-at-nyi-condensed-game-6382636416112,/fr/video/match-condense-capitals-islanders-11-10-2025-6382638365112,,,,,,,,,,WSH
2025020027,20252026,2,2025-10-11,False,2025-10-11T23:00:00Z,-04:00,-04:00,US/Eastern,OFF,OK,9,Senators,Ottawa,d'Ottawa,OTT,2.0,13,Panthers,Florida,de la Floride,FLA,6.0,REG,3,REG,8475683.0,8477932.0,/video/ott-at-fla-condensed-game-6382636520112,/fr/video/match-condense-senators-panthers-11-10-2025-6382638556112,,Sénateurs,,,,,,,,FLA
2025020026,20252026,2,2025-10-11,False,2025-10-11T23:00:00Z,-04:00,-04:00,US/Eastern,OFF,OK,1,Devils,New Jersey,du New Jersey,NJD,5.0,14,Lightning,Tampa Bay,de Tampa Bay,TBL,3.0,REG,3,REG,8474593.0,8479407.0,/video/njd-at-tbl-condensed-game-6382636410112,/fr/video/match-condense-devils-lightning-11-10-2025-6382637081112,,,,,,Markström,,,,NJD
2025020024,20252026,2,2025-10-11,False,2025-10-11T23:00:00Z,-04:00,-04:00,US/Eastern,OFF,OK,7,Sabres,Buffalo,de Buffalo,BUF,1.0,6,Bruins,Boston,de Boston,BOS,3.0,REG,3,REG,8480280.0,8480355.0,/video/buf-at-bos-condensed-game-6382638545112,/fr/video/match-condense-sabres-bruins-11-10-2025-6382636114112,,,,,,,,,,BOS
2025020025,20252026,2,2025-10-11,False,2025-10-11T23:00:00Z,-04:00,-04:00,America/Detroit,OFF,OK,10,Maple Leafs,Toronto,de Toronto,TOR,3.0,17,Red Wings,Detroit,de Detroit,DET,6.0,REG,3,REG,8475660.0,8482078.0,/video/tor-at-det-condensed-game-6382638754112,/fr/video/match-condense-maple-leafs-red-wings-11-10-2025-6382637082112,,,,,,,,,,DET
2025020033,20252026,2,2025-10-11,False,2025-10-12T00:00:00Z,-04:00,-05:00,US/Central,OFF,OK,29,Blue Jackets,Columbus,de Columbus,CBJ,7.0,30,Wild,Minnesota,du Minnesota,MIN,4.0,REG,3,REG,8478007.0,8480893.0,/video/cbj-at-min-condensed-game-6382640381112,/fr/video/match-condense-blue-jackets-wild-11-10-2025-6382639027112,,,,,,,,,,CBJ
2025020032,20252026,2,2025-10-11,False,2025-10-12T00:00:00Z,-04:00,-05:00,US/Central,OFF,OK,68,Mammoth,Utah,de l'Utah,UTA,3.0,18,Predators,Nashville,de Nashville,NSH,2.0,OT,3,OT,8478872.0,8482699.0,/video/uta-at-nsh-condensed-game-6382638540112,/fr/video/match-condense-mammoth-predators-11-10-2025-6382640380112,,,,,,,,,,UTA
2025020034,20252026,2,2025-10-11,False,2025-10-12T01:00:00Z,-04:00,-06:00,America/Denver,OFF,OK,25,Stars,Dallas,de Dallas,DAL,5.0,21,Avalanche,Colorado,du Colorado,COL,4.0,SO,3,SO,8479979.0,,/video/dal-at-col-condensed-game-6382641121112,/fr/video/match-condense-stars-avalanche-11-10-2025-6382641411112,,,,,,,,,,DAL
2025020035,20252026,2,2025-10-11,False,2025-10-12T02:00:00Z,-04:00,-06:00,America/Edmonton,OFF,OK,23,Canucks,Vancouver,de Vancouver,VAN,1.0,22,Oilers,Edmonton,d'Edmonton,EDM,3.0,REG,3,REG,8475717.0,8478233.0,/video/van-at-edm-condensed-game-6382641348112,/fr/video/match-condense-canucks-oilers-11-10-2025-6382641054112,,,,,,,,,,EDM
2025020037,20252026,2,2025-10-11,False,2025-10-12T02:00:00Z,-04:00,-07:00,US/Pacific,OFF,OK,54,Golden Knights,Vegas,de Vegas,VGK,1.0,55,Kraken,Seattle,de Seattle,SEA,2.0,OT,3,OT,8478916.0,8477955.0,/video/vgk-at-sea-condensed-game-6382643013112,/fr/video/match-condense-golden-knights-kraken-11-10-2025-6382641735112,,,,,,,,,,SEA
2025020036,20252026,2,2025-10-11,False,2025-10-12T02:00:00Z,-04:00,-07:00,US/Pacific,OFF,OK,24,Ducks,Anaheim,d'Anaheim,ANA,7.0,28,Sharks,San Jose,de San Jose,SJS,6.0,OT,3,OT,8475852.0,8484153.0,/video/ana-at-sjs-condensed-game-6382642511112,/fr/video/match-condense-ducks-sharks-11-10-2025-6382640658112,,,,,,,,,,ANA
2025020038,20252026,2,2025-10-12,False,2025-10-12T23:00:00Z,-04:00,-04:00,America/New_York,OFF,OK,15,Capitals,Washington,de Washington,WSH,1.0,3,Rangers,New York,de New York,NYR,0.0,REG,3,REG,8479292.0,8478463.0,/video/wsh-at-nyr-condensed-game-6382664393112,/fr/video/match-condense-capitals-rangers-12-10-2025-6382665778112,,,,,,,,,,WSH
2025020039,20252026,2,2025-10-13,False,2025-10-13T16:30:00Z,-04:00,-04:00,America/New_York,OFF,OK,21,Avalanche,Colorado,du Colorado,COL,3.0,7,Sabres,Buffalo,de Buffalo,BUF,1.0,REG,3,REG,8475809.0,8480069.0,/video/col-at-buf-condensed-game-6382698244112,/fr/video/match-condense-avalanche-sabres-13-10-2025-6382696793112,,,,,,,,,,COL
2025020041,20252026,2,2025-10-13,False,2025-10-13T17:00:00Z,-04:00,-04:00,US/Eastern,OFF,OK,18,Predators,Nashville,de Nashville,NSH,4.0,9,Senators,Ottawa,d'Ottawa,OTT,1.0,REG,3,REG,8477424.0,8475158.0,/video/nsh-at-ott-condensed-game-6382697406112,/fr/video/match-condense-predators-senators-13-10-2025-6382698498112,,,Sénateurs,,,,,,,NSH
2025020042,20252026,2,2025-10-13,False,2025-10-13T17:00:00Z,-04:00,-04:00,America/New_York,OFF,OK,52,Jets,Winnipeg,de Winnipeg,WPG,5.0,2,Islanders,New York,de New York,NYI,2.0,REG,3,REG,8477480.0,8479378.0,/video/wpg-at-nyi-condensed-game-6382697483112,/fr/video/match-condense-jets-islanders-13-10-2025-6382697856112,,,,,,,,,,WPG
2025020040,20252026,2,2025-10-13,False,2025-10-13T17:00:00Z,-04:00,-04:00,US/Eastern,OFF,OK,14,Lightning,Tampa Bay,de Tampa Bay,TBL,4.0,6,Bruins,Boston,de Boston,BOS,3.0,REG,3,REG,8477992.0,8480995.0,/video/tbl-at-bos-condensed-game-6382699574112,/fr/video/match-condense-lightning-bruins-13-10-2025-6382699060112,,,,,,,,,,TBL
2025020043,20252026,2,2025-10-13,False,2025-10-13T18:00:00Z,-04:00,-04:00,America/Toronto,OFF,OK,17,Red Wings,Detroit,de Detroit,DET,3.0,10,Maple Leafs,Toronto,de Toronto,TOR,2.0,REG,3,REG,8475660.0,8478891.0,/video/det-at-tor-condensed-game-6382701076112,/fr/video/match-condense-red-wings-maple-leafs-13-10-2025-6382699030112,,,,,,,,,,DET
2025020045,20252026,2,2025-10-13,False,2025-10-13T23:00:00Z,-04:00,-04:00,US/Eastern,OFF,OK,1,Devils,New Jersey,du New Jersey,NJD,3.0,29,Blue Jackets,Columbus,de Columbus,CBJ,2.0,REG,3,REG,8474593.0,8482110.0,/video/njd-at-cbj-condensed-game-6382711068112,,,,,,,Markström,,,,NJD
2025020044,20252026,2,2025-10-13,False,2025-10-13T23:00:00Z,-04:00,-04:00,US/Eastern,OFF,OK,13,Panthers,Florida,de la Floride,FLA,2.0,4,Flyers,Philadelphia,de Philadelphie,PHI,5.0,REG,3,REG,8478435.0,8476461.0,/video/fla-at-phi-condensed-game-6382710962112,/fr/video/match-condense-panthers-flyers-13-10-2025-6382710065112,,,,,,,,,,PHI
2025020046,20252026,2,2025-10-13,False,2025-10-13T23:30:00Z,-04:00,-07:00,America/Vancouver,OFF,OK,19,Blues,St. Louis,de St. Louis,STL,5.0,23,Canucks,Vancouver,de Vancouver,VAN,2.0,REG,3,REG,8476412.0,8483516.0,/video/stl-at-van-condensed-game-6382711169112,/fr/video/match-condense-blues-canucks-13-10-2025-6382710680112,,,,,,,,,,STL
2025020047,20252026,2,2025-10-13,False,2025-10-14T00:00:00Z,-04:00,-05:00,US/Central,OFF,OK,26,Kings,Los Angeles,de Los Angeles,LAK,3.0,30,Wild,Minnesota,du Minnesota,MIN,4.0,SO,3,SO,8482661.0,,/video/lak-at-min-condensed-game-6382709743112,/fr/video/match-condense-kings-wild-13-10-2025-6382710420112,,,,,,,,,,MIN
2025020048,20252026,2,2025-10-13,False,2025-10-14T00:30:00Z,-04:00,-05:00,America/Chicago,OFF,OK,68,Mammoth,Utah,de l'Utah,UTA,1.0,16,Blackhawks,Chicago,de Chicago,CHI,3.0,REG,3,REG,8481519.0,8477444.0,/video/uta-at-chi-condensed-game-6382711224112,/fr/video/match-condense-mammoth-blackhawks-13-10-2025-6382711500112,,,,,,,,,,CHI
2025020049,20252026,2,2025-10-14,False,2025-10-14T23:00:00Z,-04:00,-04:00,America/Toronto,OFF,OK,18,Predators,Nashville,de Nashville,NSH,4.0,10,Maple Leafs,Toronto,de Toronto,TOR,7.0,REG,3,REG,8480051.0,8479318.0,/video/nsh-at-tor-condensed-game-6382768116112,/fr/video/match-condense-predators-maple-leafs-14-10-2025-6382771054112,,,,,,,,,,TOR
2025020050,20252026,2,2025-10-14,False,2025-10-14T23:00:00Z,-04:00,-04:00,America/Montreal,OFF,OK,55,Kraken,Seattle,de Seattle,SEA,4.0,8,Canadiens,Montréal,de Montréal,MTL,5.0,OT,3,OT,8478470.0,8481540.0,/video/sea-at-mtl-condensed-game-6382771610112,/fr/video/match-condense-kraken-canadiens-14-10-2025-6382772092112,,,,,,,,,,MTL
2025020052,20252026,2,2025-10-14,False,2025-10-14T23:00:00Z,-04:00,-04:00,US/Eastern,OFF,OK,14,Lightning,Tampa Bay,de Tampa Bay,TBL,2.0,15,Capitals,Washington,de Washington,WSH,3.0,OT,3,OT,8480313.0,8479345.0,/video/tbl-at-wsh-condensed-game-6382772184112,/fr/video/match-condense-lightning-capitals-14-10-2025-6382771881112,,,,,,,,,,WSH
2025020051,20252026,2,2025-10-14,False,2025-10-14T23:00:00Z,-04:00,-04:00,America/New_York,OFF,OK,22,Oilers,Edmonton,d'Edmonton,EDM,2.0,3,Rangers,New York,de New York,NYR,0.0,REG,3,REG,8479973.0,8479365.0,/video/edm-at-nyr-condensed-game-6382770152112,/fr/video/match-condense-oilers-rangers-14-10-2025-6382769769112,,,,,,,,,,EDM
2025020053,20252026,2,2025-10-14,False,2025-10-15T01:00:00Z,-04:00,-06:00,US/Mountain,OFF,OK,54,Golden Knights,Vegas,de Vegas,VGK,4.0,20,Flames,Calgary,de Calgary,CGY,2.0,REG,3,REG,8481033.0,8478403.0,/video/vgk-at-cgy-condensed-game-6382775388112,/fr/video/match-condense-golden-knights-flames-14-10-2025-6382774886112,,,,,,,,,,VGK
2025020054,20252026,2,2025-10-14,False,2025-10-15T01:30:00Z,-04:00,-05:00,US/Central,OFF,OK,30,Wild,Minnesota,du Minnesota,MIN,2.0,25,Stars,Dallas,de Dallas,DAL,5.0,REG,3,REG,8479979.0,8475168.0,/video/min-at-dal-condensed-game-6382778846112,/fr/video/match-condense-wild-stars-14-10-2025-6382779339112,,,,,,,,,,DAL
2025020055,20252026,2,2025-10-14,False,2025-10-15T02:00:00Z,-04:00,-07:00,US/Pacific,OFF,OK,12,Hurricanes,Carolina,de la Caroline,CAR,5.0,28,Sharks,San Jose,de San Jose,SJS,1.0,REG,3,REG,8483548.0,8477478.0,/video/car-at-sjs-condensed-game-6382778659112,/fr/video/match-condense-hurricanes-sharks-14-10-2025-6382779541112,,,,,,,,,,CAR
2025020056,20252026,2,2025-10-14,False,2025-10-15T02:30:00Z,-04:00,-07:00,America/Los_Angeles,OFF,OK,5,Penguins,Pittsburgh,de Pittsburgh,PIT,3.0,24,Ducks,Anaheim,d'Anaheim,ANA,4.0,REG,3,REG,8480843.0,8475184.0,/video/pit-at-ana-condensed-game-6382779200112,/fr/video/match-condense-penguins-ducks-14-10-2025-6382777413112,,,,,,,,,,ANA
2025020058,20252026,2,2025-10-15,False,2025-10-15T23:00:00Z,-04:00,-04:00,America/Detroit,OFF,OK,13,Panthers,Florida,de la Floride,FLA,1.0,17,Red Wings,Detroit,de Detroit,DET,4.0,REG,3,REG,8475660.0,8474141.0,/video/fla-at-det-condensed-game-6382820743112,/fr/video/match-condense-panthers-red-wings-15-10-2025-6382822006112,,,,,,,,,,DET
2025020057,20252026,2,2025-10-15,False,2025-10-15T23:00:00Z,-04:00,-04:00,America/New_York,OFF,OK,9,Senators,Ottawa,d'Ottawa,OTT,4.0,7,Sabres,Buffalo,de Buffalo,BUF,8.0,REG,3,REG,8479312.0,8475722.0,/video/ott-at-buf-condensed-game-6382823685112,/fr/video/match-condense-senators-sabres-15-10-2025-6382823778112,,Sénateurs,,,,,,,,BUF
2025020059,20252026,2,2025-10-15,False,2025-10-16T01:30:00Z,-04:00,-05:00,US/Central,OFF,OK,16,Blackhawks,Chicago,de Chicago,CHI,8.0,19,Blues,St. Louis,de St. Louis,STL,3.0,REG,3,REG,8482821.0,8483493.0,/video/chi-at-stl-condensed-game-6382828431112,/fr/video/match-condense-blackhawks-blues-15-10-2025-6382826481112,,,,,,Söderblom,,,,CHI
2025020060,20252026,2,2025-10-15,False,2025-10-16T01:30:00Z,-04:00,-06:00,America/Denver,OFF,OK,20,Flames,Calgary,de Calgary,CGY,1.0,68,Mammoth,Utah,de l'Utah,UTA,3.0,REG,3,REG,8478872.0,8482175.0,/video/cgy-at-uta-condensed-game-6382827942112,/fr/video/match-condense-flames-mammoth-15-10-2025-6382826372112,,,,,,,,,,UTA
2025020061,20252026,2,2025-10-16,False,2025-10-16T23:00:00Z,-04:00,-04:00,America/Toronto,OFF,OK,3,Rangers,New York,de New York,NYR,1.0,10,Maple Leafs,Toronto,de Toronto,TOR,2.0,OT,3,OT,8476932.0,8479318.0,/video/nyr-at-tor-condensed-game-6382870406112,/fr/video/match-condense-rangers-maple-leafs-16-10-2025-6382871793112,,,,,,,,,,TOR
2025020062,20252026,2,2025-10-16,False,2025-10-16T23:00:00Z,-04:00,-04:00,America/Montreal,OFF,OK,18,Predators,Nashville,de Nashville,NSH,2.0,8,Canadiens,Montréal,de Montréal,MTL,3.0,OT,3,OT,8482487.0,8481540.0,/video/nsh-at-mtl-condensed-game-6382871598112,/fr/video/match-condense-predators-canadiens-16-10-2025-6382870613112,,,,,,,,,,MTL
2025020063,20252026,2,2025-10-16,False,2025-10-16T23:00:00Z,-04:00,-04:00,US/Eastern,OFF,OK,55,Kraken,Seattle,de Seattle,SEA,3.0,9,Senators,Ottawa,d'Ottawa,OTT,4.0,SO,3,SO,8476999.0,,/video/sea-at-ott-condensed-game-6382871805112,/fr/video/match-condense-kraken-senators-16-10-2025-6382869612112,,,Sénateurs,,,,,,,OTT
2025020066,20252026,2,2025-10-16,False,2025-10-16T23:00:00Z,-04:00,-04:00,US/Eastern,OFF,OK,52,Jets,Winnipeg,de Winnipeg,WPG,5.0,4,Flyers,Philadelphia,de Philadelphie,PHI,2.0,REG,3,REG,8476945.0,8480289.0,/video/wpg-at-phi-condensed-game-6382871476112,/fr/video/match-condense-jets-flyers-16-10-2025-6382871757112,,,,,,,,,,WPG
2025020064,20252026,2,2025-10-16,False,2025-10-16T23:00:00Z,-04:00,-04:00,US/Eastern,OFF,OK,13,Panthers,Florida,de la Floride,FLA,1.0,1,Devils,New Jersey,du New Jersey,NJD,3.0,REG,3,REG,8474596.0,8478414.0,/video/fla-at-njd-condensed-game-6382870589112,/fr/video/match-condense-panthers-devils-16-10-2025-6382869711112,,,,,,,,,,NJD
2025020067,20252026,2,2025-10-16,False,2025-10-16T23:00:00Z,-04:00,-04:00,US/Eastern,OFF,OK,21,Avalanche,Colorado,du Colorado,COL,4.0,29,Blue Jackets,Columbus,de Columbus,CBJ,1.0,REG,3,REG,8475809.0,8475754.0,/video/col-at-cbj-condensed-game-6382869317112,/fr/video/match-condense-avalanche-blue-jackets-16-10-2025-6382869220112,,,,,,,,,,COL
2025020065,20252026,2,2025-10-16,False,2025-10-16T23:30:00Z,-04:00,-04:00,America/New_York,OFF,OK,22,Oilers,Edmonton,d'Edmonton,EDM,2.0,2,Islanders,New York,de New York,NYI,4.0,REG,3,REG,8479496.0,8477500.0,/video/edm-at-nyi-condensed-game-6382872002112,/fr/video/match-condense-oilers-islanders-16-10-2025-6382871516112,,,,,,,,,,NYI
2025020068,20252026,2,2025-10-16,False,2025-10-17T00:00:00Z,-04:00,-05:00,US/Central,OFF,OK,23,Canucks,Vancouver,de Vancouver,VAN,5.0,25,Stars,Dallas,de Dallas,DAL,3.0,REG,3,REG,8477967.0,8478856.0,/video/van-at-dal-condensed-game-6382871638112,/fr/video/match-condense-canucks-stars-16-10-2025-6382872976112,,,,,,,,,,VAN
2025020070,20252026,2,2025-10-16,False,2025-10-17T02:00:00Z,-04:00,-07:00,America/Los_Angeles,OFF,OK,12,Hurricanes,Carolina,de la Caroline,CAR,4.0,24,Ducks,Anaheim,d'Anaheim,ANA,1.0,REG,3,REG,8475883.0,8482093.0,/video/car-at-ana-condensed-game-6382875154112,/fr/video/match-condense-hurricanes-ducks-16-10-2025-6382873767112,,,,,,,,,,CAR
2025020071,20252026,2,2025-10-16,False,2025-10-17T02:00:00Z,-04:00,-07:00,America/Los_Angeles,OFF,OK,5,Penguins,Pittsburgh,de Pittsburgh,PIT,4.0,26,Kings,Los Angeles,de Los Angeles,LAK,2.0,REG,3,REG,8481668.0,8480842.0,/video/pit-at-lak-condensed-game-6382874638112,/fr/video/match-condense-penguins-kings-16-10-2025-6382873158112,,,,,,,,,,PIT
2025020069,20252026,2,2025-10-16,False,2025-10-17T02:00:00Z,-04:00,-07:00,US/Pacific,OFF,OK,6,Bruins,Boston,de Boston,BOS,5.0,54,Golden Knights,Vegas,de Vegas,VGK,6.0,REG,3,REG,8481033.0,8476448.0,/video/bos-at-vgk-condensed-game-6382876416112,/fr/video/match-condense-bruins-golden-knights-16-10-2025-6382875044112,,,,,,,,,,VGK
2025020073,20252026,2,2025-10-17,False,2025-10-17T23:00:00Z,-04:00,-04:00,US/Eastern,OFF,OK,30,Wild,Minnesota,du Minnesota,MIN,1.0,15,Capitals,Washington,de Washington,WSH,5.0,REG,3,REG,8480313.0,8481656.0,/video/min-at-wsh-condensed-game-6382911946112,/fr/video/match-condense-wild-capitals-17-10-2025-6382913124112,,,,,,,,,,WSH
2025020072,20252026,2,2025-10-17,False,2025-10-17T23:00:00Z,-04:00,-04:00,America/Detroit,OFF,OK,14,Lightning,Tampa Bay,de Tampa Bay,TBL,1.0,17,Red Wings,Detroit,de Detroit,DET,2.0,OT,3,OT,8476434.0,8477946.0,/video/tbl-at-det-condensed-game-6382912730112,/fr/video/match-condense-lightning-red-wings-17-10-2025-6382912141112,,,,,,,,,,DET
2025020074,20252026,2,2025-10-17,False,2025-10-18T00:30:00Z,-04:00,-05:00,America/Chicago,OFF,OK,23,Canucks,Vancouver,de Vancouver,VAN,3.0,16,Blackhawks,Chicago,de Chicago,CHI,2.0,SO,3,SO,8480947.0,,/video/van-at-chi-condensed-game-6382917738112,/fr/video/match-condense-canucks-blackhawks-17-10-2025-6382917230112,,,,,,,,,,VAN
2025020075,20252026,2,2025-10-17,False,2025-10-18T01:00:00Z,-04:00,-06:00,America/Denver,OFF,OK,28,Sharks,San Jose,de San Jose,SJS,3.0,68,Mammoth,Utah,de l'Utah,UTA,6.0,REG,3,REG,8478872.0,8477951.0,/video/sjs-at-uta-condensed-game-6382915064112,/fr/video/match-condense-sharks-mammoth-17-10-2025-6382916144112,,,,,,,,,,UTA
2025020076,20252026,2,2025-10-18,False,2025-10-18T17:00:00Z,-04:00,-04:00,America/New_York,OFF,OK,13,Panthers,Florida,de la Floride,FLA,0.0,7,Sabres,Buffalo,de Buffalo,BUF,3.0,REG,3,REG,8479312.0,8482659.0,/video/fla-at-buf-condensed-game-6382959120112,/fr/video/match-condense-panthers-sabres-18-10-2025-6382957703112,,,,,,,,,,BUF
2025020077,20252026,2,2025-10-18,False,2025-10-18T19:00:00Z,-04:00,-04:00,US/Eastern,OFF,OK,2,Islanders,New York,de New York,NYI,5.0,9,Senators,Ottawa,d'Ottawa,OTT,4.0,REG,3,REG,8478009.0,8475314.0,/video/nyi-at-ott-condensed-game-6383001513112,/fr/video/match-condense-islanders-senators-18-10-2025-6383000554112,,,Sénateurs,,,,,,,NYI
2025020078,20252026,2,2025-10-18,False,2025-10-18T19:30:00Z,-04:00,-04:00,US/Eastern,OFF,OK,22,Oilers,Edmonton,d'Edmonton,EDM,3.0,1,Devils,New Jersey,du New Jersey,NJD,5.0,REG,3,REG,8474596.0,8481559.0,/video/edm-at-njd-condensed-game-6383012334112,/fr/video/match-condense-oilers-devils-18-10-2025-6383011719112,,,,,,,,,,NJD
2025020081,20252026,2,2025-10-18,False,2025-10-18T23:00:00Z,-04:00,-04:00,US/Eastern,OFF,OK,30,Wild,Minnesota,du Minnesota,MIN,1.0,4,Flyers,Philadelphia,de Philadelphie,PHI,2.0,OT,3,OT,8478435.0,8480220.0,/video/min-at-phi-condensed-game-6383059445112,/fr/video/match-condense-wild-flyers-18-10-2025-6383057987112,,,,,,,,,,PHI
2025020084,20252026,2,2025-10-18,False,2025-10-18T23:00:00Z,-04:00,-05:00,America/Winnipeg,OFF,OK,18,Predators,Nashville,de Nashville,NSH,1.0,52,Jets,Winnipeg,de Winnipeg,WPG,4.0,REG,3,REG,8476945.0,8475799.0,/video/nsh-at-wpg-condensed-game-6383058274112,/fr/video/match-condense-predators-jets-18-10-2025-6383058670112,,,,,,,,,,WPG
2025020080,20252026,2,2025-10-18,False,2025-10-18T23:00:00Z,-04:00,-04:00,America/Montreal,OFF,OK,3,Rangers,New York,de New York,NYR,4.0,8,Canadiens,Montréal,de Montréal,MTL,3.0,REG,3,REG,8471734.0,8478550.0,/video/nyr-at-mtl-condensed-game-6383059353112,/fr/video/match-condense-rangers-canadiens-18-10-2025-6383060020112,,,,,,,,,,NYR
2025020079,20252026,2,2025-10-18,False,2025-10-18T23:00:00Z,-04:00,-04:00,America/Toronto,OFF,OK,55,Kraken,Seattle,de Seattle,SEA,4.0,10,Maple Leafs,Toronto,de Toronto,TOR,3.0,OT,3,OT,8478916.0,8479372.0,/video/sea-at-tor-condensed-game-6383060629112,,,,,,,,,,,SEA
2025020083,20252026,2,2025-10-18,False,2025-10-18T23:00:00Z,-04:00,-05:00,US/Central,OFF,OK,25,Stars,Dallas,de Dallas,DAL,1.0,19,Blues,St. Louis,de St. Louis,STL,3.0,REG,3,REG,8476412.0,8483516.0,/video/dal-at-stl-condensed-game-6383058558112,/fr/video/match-condense-stars-blues-18-10-2025-6383057076112,,,,,,,,,,STL
2025020082,20252026,2,2025-10-18,False,2025-10-18T23:00:00Z,-04:00,-04:00,US/Eastern,OFF,OK,14,Lightning,Tampa Bay,de Tampa Bay,TBL,2.0,29,Blue Jackets,Columbus,de Columbus,CBJ,3.0,REG,3,REG,8482982.0,8480893.0,/video/tbl-at-cbj-condensed-game-6383059246112,/fr/video/match-condense-lightning-blue-jackets-18-10-2025-6383058075112,,,,,,,,,,CBJ
2025020086,20252026,2,2025-10-18,False,2025-10-19T01:00:00Z,-04:00,-07:00,America/Los_Angeles,OFF,OK,12,Hurricanes,Carolina,de la Caroline,CAR,4.0,26,Kings,Los Angeles,de Los Angeles,LAK,3.0,OT,3,OT,8483548.0,8482093.0,/video/car-at-lak-condensed-game-6383061592112,/fr/video/match-condense-hurricanes-kings-18-10-2025-6383061491112,,,,,,,,,,CAR
2025020085,20252026,2,2025-10-18,False,2025-10-19T01:00:00Z,-04:00,-06:00,America/Denver,OFF,OK,6,Bruins,Boston,de Boston,BOS,1.0,21,Avalanche,Colorado,du Colorado,COL,4.0,REG,3,REG,8475809.0,8476312.0,/video/bos-at-col-condensed-game-6383060895112,/fr/video/match-condense-bruins-avalanche-18-10-2025-6383062359112,,,,,,,,,,COL
2025020088,20252026,2,2025-10-18,False,2025-10-19T02:00:00Z,-04:00,-07:00,US/Pacific,OFF,OK,5,Penguins,Pittsburgh,de Pittsburgh,PIT,3.0,28,Sharks,San Jose,de San Jose,SJS,0.0,REG,3,REG,8477465.0,8471675.0,/video/pit-at-sjs-condensed-game-6383062281112,/fr/video/match-condense-penguins-sharks-18-10-2025-6383061985112,,,,,,,,,,PIT
2025020087,20252026,2,2025-10-18,False,2025-10-19T02:00:00Z,-04:00,-07:00,US/Pacific,OFF,OK,20,Flames,Calgary,de Calgary,CGY,1.0,54,Golden Knights,Vegas,de Vegas,VGK,6.0,REG,3,REG,8478499.0,8476881.0,/video/cgy-at-vgk-condensed-game-6383063854112,/fr/video/match-condense-flames-golden-knights-18-10-2025-6383062497112,,,,,,,,,,VGK
2025020089,20252026,2,2025-10-19,False,2025-10-19T16:30:00Z,-04:00,-04:00,US/Eastern,OFF,OK,23,Canucks,Vancouver,de Vancouver,VAN,4.0,15,Capitals,Washington,de Washington,WSH,3.0,REG,3,REG,8477967.0,8476927.0,/video/van-at-wsh-condensed-game-6383086678112,/fr/video/match-condense-canucks-capitals-19-10-2025-6383084631112,,,,,,,,,,VAN
2025020090,20252026,2,2025-10-19,False,2025-10-19T19:00:00Z,-04:00,-04:00,America/Detroit,OFF,OK,22,Oilers,Edmonton,d'Edmonton,EDM,2.0,17,Red Wings,Detroit,de Detroit,DET,4.0,REG,3,REG,8476434.0,8477946.0,/video/edm-at-det-condensed-game-6383100377112,/fr/video/match-condense-oilers-red-wings-19-10-2025-6383101024112,,,,,,,,,,DET
2025020092,20252026,2,2025-10-19,False,2025-10-19T23:00:00Z,-04:00,-06:00,America/Denver,OFF,OK,6,Bruins,Boston,de Boston,BOS,2.0,68,Mammoth,Utah,de l'Utah,UTA,3.0,REG,3,REG,8477970.0,8482699.0,/video/bos-at-uta-condensed-game-6383184131112,/fr/video/match-condense-bruins-mammoth-19-10-2025-6383183511112,,,,,,,,,,UTA
2025020091,20252026,2,2025-10-19,False,2025-10-19T23:00:00Z,-04:00,-05:00,America/Chicago,OFF,OK,24,Ducks,Anaheim,d'Anaheim,ANA,1.0,16,Blackhawks,Chicago,de Chicago,CHI,2.0,OT,3,OT,8481519.0,8477987.0,/video/ana-at-chi-condensed-game-6383186199112,/fr/video/match-condense-ducks-blackhawks-19-10-2025-6383183214112,,,,,,,,,,CHI
2025020094,20252026,2,2025-10-20,False,2025-10-20T23:00:00Z,-04:00,-04:00,US/Eastern,OFF,OK,55,Kraken,Seattle,de Seattle,SEA,2.0,4,Flyers,Philadelphia,de Philadelphie,PHI,5.0,REG,3,REG,8478435.0,8478439.0,/video/sea-at-phi-condensed-game-6383441998112,/fr/video/match-condense-kraken-flyers-20-10-2025-6383439638112,,,,,,,,,,PHI
2025020093,20252026,2,2025-10-20,False,2025-10-20T23:00:00Z,-04:00,-04:00,America/New_York,OFF,OK,30,Wild,Minnesota,du Minnesota,MIN,3.0,3,Rangers,New York,de New York,NYR,1.0,REG,3,REG,8479406.0,8483525.0,/video/min-at-nyr-condensed-game-6383441009112,/fr/video/match-condense-wild-rangers-20-10-2025-6383440710112,,,,,,,,,,MIN
2025020095,20252026,2,2025-10-20,False,2025-10-20T23:30:00Z,-04:00,-04:00,America/Montreal,OFF,OK,7,Sabres,Buffalo,de Buffalo,BUF,2.0,8,Canadiens,Montréal,de Montréal,MTL,4.0,REG,3,REG,8482487.0,8483457.0,/video/buf-at-mtl-condensed-game-6383442821112,/fr/video/match-condense-sabres-canadiens-20-10-2025-6383441369112,,,,,,,,,,MTL
2025020096,20252026,2,2025-10-20,False,2025-10-21T01:30:00Z,-04:00,-06:00,US/Mountain,OFF,OK,52,Jets,Winnipeg,de Winnipeg,WPG,2.0,20,Flames,Calgary,de Calgary,CGY,1.0,REG,3,REG,8476945.0,8476460.0,/video/wpg-at-cgy-condensed-game-6383446061112,/fr/video/match-condense-jets-flames-20-10-2025-6383447349112,,,,,,,,,,WPG
2025020097,20252026,2,2025-10-20,False,2025-10-21T02:00:00Z,-04:00,-07:00,US/Pacific,OFF,OK,12,Hurricanes,Carolina,de la Caroline,CAR,1.0,54,Golden Knights,Vegas,de Vegas,VGK,4.0,REG,3,REG,8481033.0,8481604.0,/video/car-at-vgk-condensed-game-6383446094112,/fr/video/match-condense-hurricanes-golden-knights-20-10-2025-6383445604112,,,,,,,,,,VGK
2025020098,20252026,2,2025-10-21,False,2025-10-21T23:00:00Z,-04:00,-04:00,America/Toronto,OFF,OK,1,Devils,New Jersey,du New Jersey,NJD,5.0,10,Maple Leafs,Toronto,de Toronto,TOR,2.0,REG,3,REG,8474596.0,8475455.0,/video/njd-at-tor-condensed-game-6383495085112,/fr/video/match-condense-devils-maple-leafs-21-10-2025-6383492877112,,,,,,,,,,NJD
2025020101,20252026,2,2025-10-21,False,2025-10-21T23:00:00Z,-04:00,-04:00,US/Eastern,OFF,OK,23,Canucks,Vancouver,de Vancouver,VAN,1.0,5,Penguins,Pittsburgh,de Pittsburgh,PIT,5.0,REG,3,REG,8481668.0,8478438.0,/video/van-at-pit-condensed-game-6383493275112,/fr/video/match-condense-canucks-penguins-21-10-2025-6383493980112,,,,,,,,,,PIT
2025020099,20252026,2,2025-10-21,False,2025-10-21T23:00:00Z,-04:00,-04:00,US/Eastern,OFF,OK,22,Oilers,Edmonton,d'Edmonton,EDM,3.0,9,Senators,Ottawa,d'Ottawa,OTT,2.0,OT,3,OT,8479973.0,8478013.0,/video/edm-at-ott-condensed-game-6383493887112,/fr/video/match-condense-oilers-senators-21-10-2025-6383495772112,,,Sénateurs,,,,,,,EDM
2025020102,20252026,2,2025-10-21,False,2025-10-21T23:00:00Z,-04:00,-04:00,US/Eastern,OFF,OK,55,Kraken,Seattle,de Seattle,SEA,1.0,15,Capitals,Washington,de Washington,WSH,4.0,REG,3,REG,8480313.0,8484186.0,/video/sea-at-wsh-condensed-game-6383495776112,/fr/video/match-condense-kraken-capitals-21-10-2025-6383493359112,,,,,,,,,,WSH
2025020100,20252026,2,2025-10-21,False,2025-10-21T23:00:00Z,-04:00,-04:00,America/New_York,OFF,OK,28,Sharks,San Jose,de San Jose,SJS,3.0,2,Islanders,New York,de New York,NYI,4.0,REG,3,REG,8478009.0,8485366.0,/video/sjs-at-nyi-condensed-game-6383498155112,/fr/video/match-condense-sharks-islanders-21-10-2025-6383493371112,,,,,,,,,,NYI
2025020103,20252026,2,2025-10-21,False,2025-10-21T23:30:00Z,-04:00,-04:00,US/Eastern,OFF,OK,13,Panthers,Florida,de la Floride,FLA,4.0,6,Bruins,Boston,de Boston,BOS,3.0,REG,3,REG,8475683.0,8477409.0,/video/fla-at-bos-condensed-game-6383497884112,/fr/video/match-condense-panthers-bruins-21-10-2025-6383499566112,,,,,,,,,,FLA
2025020104,20252026,2,2025-10-21,False,2025-10-22T00:00:00Z,-04:00,-05:00,US/Central,OFF,OK,26,Kings,Los Angeles,de Los Angeles,LAK,2.0,19,Blues,St. Louis,de St. Louis,STL,1.0,OT,3,OT,8475311.0,8477960.0,/video/lak-at-stl-condensed-game-6383498408112,/fr/video/match-condense-kings-blues-21-10-2025-6383499872112,,,,,,,,,,LAK
2025020106,20252026,2,2025-10-21,False,2025-10-22T00:00:00Z,-04:00,-05:00,US/Central,OFF,OK,29,Blue Jackets,Columbus,de Columbus,CBJ,5.0,25,Stars,Dallas,de Dallas,DAL,1.0,REG,3,REG,8478007.0,8476432.0,/video/cbj-at-dal-condensed-game-6383499075112,/fr/video/match-condense-blue-jackets-stars-21-10-2025-6383498090112,,,,,,,,,,CBJ
2025020105,20252026,2,2025-10-21,False,2025-10-22T00:00:00Z,-04:00,-05:00,US/Central,OFF,OK,24,Ducks,Anaheim,d'Anaheim,ANA,5.0,18,Predators,Nashville,de Nashville,NSH,2.0,REG,3,REG,8480843.0,8483445.0,/video/ana-at-nsh-condensed-game-6383499773112,/fr/video/match-condense-ducks-predators-21-10-2025-6383497510112,,,,,,,,,,ANA
2025020107,20252026,2,2025-10-21,False,2025-10-22T02:00:00Z,-04:00,-06:00,America/Denver,OFF,OK,21,Avalanche,Colorado,du Colorado,COL,3.0,68,Mammoth,Utah,de l'Utah,UTA,4.0,OT,3,OT,8478872.0,8482699.0,/video/col-at-uta-condensed-game-6383503309112,/fr/video/match-condense-avalanche-mammoth-21-10-2025-6383501553112,,,,,,,,,,UTA
2025020108,20252026,2,2025-10-22,False,2025-10-22T23:00:00Z,-04:00,-04:00,US/Eastern,OFF,OK,30,Wild,Minnesota,du Minnesota,MIN,1.0,1,Devils,New Jersey,du New Jersey,NJD,4.0,REG,3,REG,8482076.0,8475455.0,/video/min-at-njd-condensed-game-6383545024112,/fr/video/match-condense-wild-devils-22-10-2025-6383542956112,,,,,,,,,,NJD
2025020109,20252026,2,2025-10-22,False,2025-10-22T23:30:00Z,-04:00,-04:00,America/New_York,OFF,OK,17,Red Wings,Detroit,de Detroit,DET,2.0,7,Sabres,Buffalo,de Buffalo,BUF,4.0,REG,3,REG,8481551.0,8482097.0,/video/det-at-buf-condensed-game-6383545926112,/fr/video/match-condense-red-wings-sabres-22-10-2025-6383543284112,,,,,,,,,,BUF
2025020110,20252026,2,2025-10-22,False,2025-10-23T00:30:00Z,-04:00,-06:00,US/Mountain,OFF,OK,8,Canadiens,Montréal,de Montréal,MTL,2.0,20,Flames,Calgary,de Calgary,CGY,1.0,OT,3,OT,8482487.0,8476875.0,/video/mtl-at-cgy-condensed-game-6383546194112,/fr/video/match-condense-canadiens-flames-22-10-2025-6383547286112,,,,,,,,,,MTL
2025020113,20252026,2,2025-10-23,False,2025-10-23T22:45:00Z,-04:00,-04:00,US/Eastern,OFF,OK,16,Blackhawks,Chicago,de Chicago,CHI,3.0,14,Lightning,Tampa Bay,de Tampa Bay,TBL,2.0,REG,3,REG,8481519.0,8477987.0,/video/chi-at-tbl-condensed-game-6383664221112,/fr/video/match-condense-blackhawks-lightning-23-10-2025-6383662246112,,,,,,,,,,CHI
2025020115,20252026,2,2025-10-23,False,2025-10-23T23:00:00Z,-04:00,-04:00,America/New_York,OFF,OK,17,Red Wings,Detroit,de Detroit,DET,2.0,2,Islanders,New York,de New York,NYI,7.0,REG,3,REG,8479496.0,8476419.0,/video/det-at-nyi-condensed-game-6383669339112,/fr/video/match-condense-red-wings-islanders-23-10-2025-6383668149112,,,,,,,,,,NYI
2025020116,20252026,2,2025-10-23,False,2025-10-23T23:00:00Z,-04:00,-04:00,America/New_York,OFF,OK,28,Sharks,San Jose,de San Jose,SJS,6.0,3,Rangers,New York,de New York,NYR,5.0,OT,3,OT,8477968.0,8484227.0,/video/sjs-at-nyr-condensed-game-6383668021112,/fr/video/match-condense-sharks-rangers-23-10-2025-6383668456112,,,,,,,,,,SJS
2025020114,20252026,2,2025-10-23,False,2025-10-23T23:00:00Z,-04:00,-04:00,US/Eastern,OFF,OK,5,Penguins,Pittsburgh,de Pittsburgh,PIT,5.0,13,Panthers,Florida,de la Floride,FLA,3.0,REG,3,REG,8477465.0,8480980.0,/video/pit-at-fla-condensed-game-6383669098112,/fr/video/match-condense-penguins-panthers-23-10-2025-6383669169112,,,,,,,,,,PIT
2025020112,20252026,2,2025-10-23,False,2025-10-23T23:00:00Z,-04:00,-04:00,US/Eastern,OFF,OK,4,Flyers,Philadelphia,de Philadelphie,PHI,1.0,9,Senators,Ottawa,d'Ottawa,OTT,2.0,REG,3,REG,8476999.0,8480245.0,/video/phi-at-ott-condensed-game-6383668052112,/fr/video/match-condense-flyers-senators-23-10-2025-6383667137112,,,Sénateurs,,,,,,,OTT
2025020111,20252026,2,2025-10-23,False,2025-10-23T23:00:00Z,-04:00,-04:00,US/Eastern,OFF,OK,24,Ducks,Anaheim,d'Anaheim,ANA,7.0,6,Bruins,Boston,de Boston,BOS,5.0,REG,3,REG,8475852.0,8478873.0,/video/ana-at-bos-condensed-game-6383669524112,/fr/video/match-condense-ducks-bruins-23-10-2025-6383669319112,,,,,,,,,,ANA
2025020118,20252026,2,2025-10-23,False,2025-10-24T00:00:00Z,-04:00,-05:00,US/Central,OFF,OK,23,Canucks,Vancouver,de Vancouver,VAN,1.0,18,Predators,Nashville,de Nashville,NSH,2.0,REG,3,REG,8477424.0,8482062.0,/video/van-at-nsh-condensed-game-6383676084112,/fr/video/match-condense-canucks-predators-23-10-2025-6383676150112,,,,,,,,,,NSH
2025020117,20252026,2,2025-10-23,False,2025-10-24T00:00:00Z,-04:00,-05:00,US/Central,OFF,OK,68,Mammoth,Utah,de l'Utah,UTA,7.0,19,Blues,St. Louis,de St. Louis,STL,4.0,REG,3,REG,8478872.0,8479343.0,/video/uta-at-stl-condensed-game-6383678936112,/fr/video/match-condense-mammoth-blues-23-10-2025-6383680585112,,,,,,,,,,UTA
2025020120,20252026,2,2025-10-23,False,2025-10-24T00:00:00Z,-04:00,-05:00,America/Winnipeg,OFF,OK,55,Kraken,Seattle,de Seattle,SEA,3.0,52,Jets,Winnipeg,de Winnipeg,WPG,0.0,REG,3,REG,8478916.0,8475768.0,/video/sea-at-wpg-condensed-game-6383679549112,/fr/video/match-condense-kraken-jets-23-10-2025-6383676809112,,,,,,,,,,SEA
2025020122,20252026,2,2025-10-23,False,2025-10-24T01:00:00Z,-04:00,-06:00,America/Edmonton,OFF,OK,8,Canadiens,Montréal,de Montréal,MTL,5.0,22,Oilers,Edmonton,d'Edmonton,EDM,6.0,REG,3,REG,8475717.0,8481617.0,/video/mtl-at-edm-condensed-game-6383688684112,/fr/video/match-condense-canadiens-oilers-23-10-2025-6383688776112,,,,,,,,,,EDM
2025020119,20252026,2,2025-10-23,False,2025-10-24T01:00:00Z,-04:00,-05:00,US/Central,OFF,OK,26,Kings,Los Angeles,de Los Angeles,LAK,3.0,25,Stars,Dallas,de Dallas,DAL,2.0,OT,3,OT,8475311.0,8477960.0,/video/lak-at-dal-condensed-game-6383692506112,/fr/video/match-condense-kings-stars-23-10-2025-6383691125112,,,,,,,,,,LAK
2025020121,20252026,2,2025-10-23,False,2025-10-24T01:00:00Z,-04:00,-06:00,America/Denver,OFF,OK,12,Hurricanes,Carolina,de la Caroline,CAR,5.0,21,Avalanche,Colorado,du Colorado,COL,4.0,SO,3,SO,8475883.0,,/video/car-at-col-condensed-game-6383695717112,/fr/video/match-condense-hurricanes-avalanche-23-10-2025-6383694357112,,,,,,,,,,CAR
2025020125,20252026,2,2025-10-24,False,2025-10-24T23:00:00Z,-04:00,-04:00,US/Eastern,OFF,OK,15,Capitals,Washington,de Washington,WSH,5.0,29,Blue Jackets,Columbus,de Columbus,CBJ,1.0,REG,3,REG,8480313.0,8471214.0,/video/wsh-at-cbj-condensed-game-6383863070112,/fr/video/match-condense-capitals-blue-jackets-24-10-2025-6383862201112,,,,,,,,,,WSH
2025020124,20252026,2,2025-10-24,False,2025-10-24T23:00:00Z,-04:00,-04:00,US/Eastern,OFF,OK,28,Sharks,San Jose,de San Jose,SJS,1.0,1,Devils,New Jersey,du New Jersey,NJD,3.0,REG,3,REG,8474596.0,8476462.0,/video/sjs-at-njd-condensed-game-6383863601112,/fr/video/match-condense-sharks-devils-24-10-2025-6383860507112,,,,,,,,,,NJD
2025020123,20252026,2,2025-10-24,False,2025-10-24T23:00:00Z,-04:00,-04:00,America/New_York,OFF,OK,10,Maple Leafs,Toronto,de Toronto,TOR,3.0,7,Sabres,Buffalo,de Buffalo,BUF,5.0,REG,3,REG,8479312.0,8480807.0,/video/tor-at-buf-condensed-game-6383860312112,/fr/video/match-condense-maple-leafs-sabres-24-10-2025-6383861573112,,,,,,,,,,BUF
2025020126,20252026,2,2025-10-24,False,2025-10-25T00:00:00Z,-04:00,-05:00,America/Winnipeg,OFF,OK,20,Flames,Calgary,de Calgary,CGY,3.0,52,Jets,Winnipeg,de Winnipeg,WPG,5.0,REG,3,REG,8477480.0,8480113.0,/video/cgy-at-wpg-condensed-game-6383875415112,/fr/video/match-condense-flames-jets-24-10-2025-6383871941112,,,,,,,,,,WPG
2025020127,20252026,2,2025-10-25,False,2025-10-25T16:30:00Z,-04:00,-04:00,US/Eastern,OFF,OK,2,Islanders,New York,de New York,NYI,3.0,4,Flyers,Philadelphia,de Philadelphie,PHI,4.0,SO,3,SO,8481035.0,,/video/nyi-at-phi-condensed-game-6384046452112,/fr/video/match-condense-islanders-flyers-25-10-2025-6384048112112,,,,,,,,,,PHI
2025020128,20252026,2,2025-10-25,False,2025-10-25T19:00:00Z,-04:00,-04:00,US/Eastern,OFF,OK,21,Avalanche,Colorado,du Colorado,COL,2.0,6,Bruins,Boston,de Boston,BOS,3.0,REG,3,REG,8480280.0,8479987.0,/video/col-at-bos-condensed-game-6384064288112,/fr/video/match-condense-avalanche-bruins-25-10-2025-6384064177112,,,,,,,,,,BOS
2025020129,20252026,2,2025-10-25,False,2025-10-25T21:00:00Z,-04:00,-04:00,US/Eastern,OFF,OK,24,Ducks,Anaheim,d'Anaheim,ANA,3.0,14,Lightning,Tampa Bay,de Tampa Bay,TBL,4.0,REG,3,REG,8477992.0,8478519.0,/video/ana-at-tbl-condensed-game-6384069661112,/fr/video/match-condense-ducks-lightning-25-10-2025-6384068977112,,,,,,,,,,TBL
2025020132,20252026,2,2025-10-25,False,2025-10-25T21:00:00Z,-04:00,-04:00,America/Toronto,OFF,OK,7,Sabres,Buffalo,de Buffalo,BUF,3.0,10,Maple Leafs,Toronto,de Toronto,TOR,4.0,OT,3,OT,8480051.0,8475166.0,/video/buf-at-tor-condensed-game-6384069462112,/fr/video/match-condense-sabres-maple-leafs-25-10-2025-6384069545112,,,,,,,,,,TOR
2025020131,20252026,2,2025-10-25,False,2025-10-25T22:00:00Z,-04:00,-05:00,US/Central,OFF,OK,68,Mammoth,Utah,de l'Utah,UTA,6.0,30,Wild,Minnesota,du Minnesota,MIN,2.0,REG,3,REG,8478872.0,8477951.0,/video/uta-at-min-condensed-game-6384071896112,/fr/video/match-condense-mammoth-wild-25-10-2025-6384072371112,,,,,,,,,,UTA
2025020130,20252026,2,2025-10-25,False,2025-10-25T22:00:00Z,-04:00,-04:00,US/Eastern,OFF,OK,54,Golden Knights,Vegas,de Vegas,VGK,0.0,13,Panthers,Florida,de la Floride,FLA,3.0,REG,3,REG,8475683.0,8477933.0,/video/vgk-at-fla-condensed-game-6384071885112,/fr/video/match-condense-golden-knights-panthers-25-10-2025-6384072857112,,,,,,,,,,FLA
2025020135,20252026,2,2025-10-25,False,2025-10-25T23:00:00Z,-04:00,-04:00,US/Eastern,OFF,OK,9,Senators,Ottawa,d'Ottawa,OTT,7.0,15,Capitals,Washington,de Washington,WSH,1.0,REG,3,REG,8476999.0,8481596.0,/video/ott-at-wsh-condensed-game-6384074514112,/fr/video/match-condense-senators-capitals-25-10-2025-6384073144112,,Sénateurs,,,,,,,,OTT
2025020136,20252026,2,2025-10-25,False,2025-10-25T23:00:00Z,-04:00,-07:00,America/Vancouver,OFF,OK,8,Canadiens,Montréal,de Montréal,MTL,4.0,23,Canucks,Vancouver,de Vancouver,VAN,3.0,REG,3,REG,8482487.0,8484984.0,/video/mtl-at-van-condensed-game-6384075406112,/fr/video/match-condense-canadiens-canucks-25-10-2025-6384075779112,,,,,,,,,,MTL
2025020133,20252026,2,2025-10-25,False,2025-10-25T23:00:00Z,-04:00,-04:00,America/Detroit,OFF,OK,19,Blues,St. Louis,de St. Louis,STL,4.0,17,Red Wings,Detroit,de Detroit,DET,6.0,REG,3,REG,8476434.0,8482762.0,/video/stl-at-det-condensed-game-6384073931112,/fr/video/match-condense-blues-red-wings-25-10-2025-6384075382112,,,,,,,,,,DET
2025020134,20252026,2,2025-10-25,False,2025-10-25T23:00:00Z,-04:00,-04:00,US/Eastern,OFF,OK,29,Blue Jackets,Columbus,de Columbus,CBJ,5.0,5,Penguins,Pittsburgh,de Pittsburgh,PIT,4.0,SO,3,SO,8478007.0,,/video/cbj-at-pit-condensed-game-6384076485112,/fr/video/match-condense-blue-jackets-penguins-25-10-2025-6384075122112,,,,,,,,,,CBJ
2025020138,20252026,2,2025-10-25,False,2025-10-26T00:00:00Z,-04:00,-05:00,US/Central,OFF,OK,12,Hurricanes,Carolina,de la Caroline,CAR,2.0,25,Stars,Dallas,de Dallas,DAL,3.0,REG,3,REG,8479979.0,8480036.0,/video/car-at-dal-condensed-game-6384075721112,/fr/video/match-condense-hurricanes-stars-25-10-2025-6384074342112,,,,,,,,,,DAL
2025020137,20252026,2,2025-10-25,False,2025-10-26T00:00:00Z,-04:00,-05:00,US/Central,OFF,OK,26,Kings,Los Angeles,de Los Angeles,LAK,4.0,18,Predators,Nashville,de Nashville,NSH,5.0,SO,3,SO,8477424.0,,/video/lak-at-nsh-condensed-game-6384077225112,/fr/video/match-condense-kings-predators-25-10-2025-6384075745112,,,,,,,,,,NSH
2025020139,20252026,2,2025-10-25,False,2025-10-26T02:00:00Z,-04:00,-07:00,US/Pacific,OFF,OK,22,Oilers,Edmonton,d'Edmonton,EDM,2.0,55,Kraken,Seattle,de Seattle,SEA,3.0,REG,3,REG,8478916.0,8474586.0,/video/edm-at-sea-condensed-game-6384078447112,/fr/video/match-condense-oilers-kraken-25-10-2025-6384079548112,,,,,,,,,,SEA
2025020140,20252026,2,2025-10-26,False,2025-10-26T17:00:00Z,-04:00,-04:00,US/Eastern,OFF,OK,21,Avalanche,Colorado,du Colorado,COL,3.0,1,Devils,New Jersey,du New Jersey,NJD,4.0,OT,3,OT,8474596.0,8481559.0,/video/col-at-njd-condensed-game-6384103975112,/fr/video/match-condense-avalanche-devils-26-10-2025-6384104580112,,,,,,,,,,NJD
2025020141,20252026,2,2025-10-26,False,2025-10-26T21:00:00Z,-04:00,-04:00,US/Eastern,OFF,OK,54,Golden Knights,Vegas,de Vegas,VGK,1.0,14,Lightning,Tampa Bay,de Tampa Bay,TBL,2.0,OT,3,OT,8476883.0,8476453.0,/video/vgk-at-tbl-condensed-game-6384112853112,/fr/video/match-condense-golden-knights-lightning-26-10-2025-6384113142112,,,,,,,,,,TBL
2025020142,20252026,2,2025-10-26,False,2025-10-26T22:00:00Z,-04:00,-05:00,US/Central,OFF,OK,28,Sharks,San Jose,de San Jose,SJS,6.0,30,Wild,Minnesota,du Minnesota,MIN,5.0,OT,3,OT,8482137.0,8484801.0,/video/sjs-at-min-condensed-game-6384111917112,/fr/video/match-condense-sharks-wild-26-10-2025-6384112919112,,,,,,,,,,SJS
2025020143,20252026,2,2025-10-26,False,2025-10-26T22:00:00Z,-04:00,-05:00,America/Winnipeg,OFF,OK,68,Mammoth,Utah,de l'Utah,UTA,3.0,52,Jets,Winnipeg,de Winnipeg,WPG,2.0,REG,3,REG,8477970.0,8482699.0,/video/uta-at-wpg-condensed-game-6384111311112,/fr/video/match-condense-mammoth-jets-26-10-2025-6384112313112,,,,,,,,,,UTA
2025020145,20252026,2,2025-10-26,False,2025-10-26T23:00:00Z,-04:00,-05:00,US/Central,OFF,OK,25,Stars,Dallas,de Dallas,DAL,3.0,18,Predators,Nashville,de Nashville,NSH,2.0,REG,3,REG,8479193.0,8478420.0,/video/dal-at-nsh-condensed-game-6384113644112,/fr/video/match-condense-stars-predators-26-10-2025-6384115693112,,,,,,,,,,DAL
2025020144,20252026,2,2025-10-26,False,2025-10-26T23:00:00Z,-04:00,-05:00,America/Chicago,OFF,OK,26,Kings,Los Angeles,de Los Angeles,LAK,3.0,16,Blackhawks,Chicago,de Chicago,CHI,1.0,REG,3,REG,8476341.0,8477942.0,/video/lak-at-chi-condensed-game-6384116006112,/fr/video/match-condense-kings-blackhawks-26-10-2025-6384113433112,,,,,,,,,,LAK
2025020146,20252026,2,2025-10-26,False,2025-10-27T00:00:00Z,-04:00,-06:00,US/Mountain,OFF,OK,3,Rangers,New York,de New York,NYR,1.0,20,Flames,Calgary,de Calgary,CGY,5.0,REG,3,REG,8481692.0,8480860.0,/video/nyr-at-cgy-condensed-game-6384116428112,/fr/video/match-condense-rangers-flames-26-10-2025-6384116231112,,,,,,,,,,CGY
2025020147,20252026,2,2025-10-26,False,2025-10-27T02:00:00Z,-04:00,-07:00,America/Vancouver,OFF,OK,22,Oilers,Edmonton,d'Edmonton,EDM,3.0,23,Canucks,Vancouver,de Vancouver,VAN,4.0,OT,3,OT,8477967.0,8480748.0,/video/edm-at-van-condensed-game-6384122546112,/fr/video/match-condense-oilers-canucks-26-10-2025-6384121270112,,,,,,,,,,VAN
2025020148,20252026,2,2025-10-27,False,2025-10-27T23:00:00Z,-04:00,-04:00,US/Eastern,OFF,OK,19,Blues,St. Louis,de St. Louis,STL,3.0,5,Penguins,Pittsburgh,de Pittsburgh,PIT,6.0,REG,3,REG,8477465.0,8475810.0,/video/stl-at-pit-condensed-game-6384170531112,/fr/video/match-condense-blues-penguins-27-10-2025-6384170815112,,,,,,,,,,PIT
2025020149,20252026,2,2025-10-27,False,2025-10-27T23:30:00Z,-04:00,-04:00,US/Eastern,OFF,OK,6,Bruins,Boston,de Boston,BOS,2.0,9,Senators,Ottawa,d'Ottawa,OTT,7.0,REG,3,REG,8482447.0,8480208.0,/video/bos-at-ott-condensed-game-6384169699112,/fr/video/match-condense-bruins-senators-27-10-2025-6384171535112,,,Sénateurs,,,,,,,OTT
2025020150,20252026,2,2025-10-28,False,2025-10-28T22:00:00Z,-04:00,-04:00,US/Eastern,OFF,OK,5,Penguins,Pittsburgh,de Pittsburgh,PIT,2.0,4,Flyers,Philadelphia,de Philadelphie,PHI,3.0,SO,3,SO,8481035.0,8482159.0,/video/pit-at-phi-condensed-game-6384217904112,/fr/video/match-condense-penguins-flyers-28-10-2025-6384217084112,,,,,,,,,,PHI
2025020151,20252026,2,2025-10-28,False,2025-10-28T22:00:00Z,-04:00,-04:00,America/Toronto,OFF,OK,20,Flames,Calgary,de Calgary,CGY,3.0,10,Maple Leafs,Toronto,de Toronto,TOR,4.0,REG,3,REG,8476932.0,8477503.0,/video/cgy-at-tor-condensed-game-6384216772112,/fr/video/match-condense-flames-maple-leafs-28-10-2025-6384214202112,,,,,,,,,,TOR
2025020155,20252026,2,2025-10-28,False,2025-10-28T22:30:00Z,-04:00,-04:00,US/Eastern,OFF,OK,54,Golden Knights,Vegas,de Vegas,VGK,6.0,12,Hurricanes,Carolina,de la Caroline,CAR,3.0,REG,3,REG,8481033.0,8478403.0,/video/vgk-at-car-condensed-game-6384217249112,/fr/video/match-condense-golden-knights-hurricanes-28-10-2025-6384218109112,,,,,,,,,,VGK
2025020152,20252026,2,2025-10-28,False,2025-10-28T22:45:00Z,-04:00,-04:00,America/New_York,OFF,OK,29,Blue Jackets,Columbus,de Columbus,CBJ,4.0,7,Sabres,Buffalo,de Buffalo,BUF,3.0,OT,3,OT,8482982.0,8477425.0,/video/cbj-at-buf-condensed-game-6384217942112,/fr/video/match-condense-blue-jackets-sabres-28-10-2025-6384219805112,,,,,,,,,,CBJ
2025020153,20252026,2,2025-10-28,False,2025-10-28T23:00:00Z,-04:00,-04:00,US/Eastern,OFF,OK,24,Ducks,Anaheim,d'Anaheim,ANA,3.0,13,Panthers,Florida,de la Floride,FLA,2.0,SO,3,SO,8480843.0,,/video/ana-at-fla-condensed-game-6384221854112,/fr/video/match-condense-ducks-panthers-28-10-2025-6384221251112,,,,,,,,,,ANA
2025020154,20252026,2,2025-10-28,False,2025-10-28T23:15:00Z,-04:00,-04:00,US/Eastern,OFF,OK,2,Islanders,New York,de New York,NYI,2.0,6,Bruins,Boston,de Boston,BOS,5.0,REG,3,REG,8476914.0,8479591.0,/video/nyi-at-bos-condensed-game-6384219925112,/fr/video/match-condense-islanders-bruins-28-10-2025-6384218472112,,,,,,,,,,BOS
2025020156,20252026,2,2025-10-28,False,2025-10-28T23:45:00Z,-04:00,-05:00,US/Central,OFF,OK,14,Lightning,Tampa Bay,de Tampa Bay,TBL,5.0,18,Predators,Nashville,de Nashville,NSH,2.0,REG,3,REG,8476883.0,8480426.0,/video/tbl-at-nsh-condensed-game-6384222379112,/fr/video/match-condense-lightning-predators-28-10-2025-6384223980112,,,,,,,,,,TBL
2025020157,20252026,2,2025-10-28,False,2025-10-29T00:00:00Z,-04:00,-05:00,US/Central,OFF,OK,52,Jets,Winnipeg,de Winnipeg,WPG,4.0,30,Wild,Minnesota,du Minnesota,MIN,3.0,OT,3,OT,8476945.0,8478398.0,/video/wpg-at-min-condensed-game-6384222615112,/fr/video/match-condense-jets-wild-28-10-2025-6384224153112,,,,,,,,,,WPG
2025020158,20252026,2,2025-10-28,False,2025-10-29T00:15:00Z,-04:00,-05:00,US/Central,OFF,OK,17,Red Wings,Detroit,de Detroit,DET,5.0,19,Blues,St. Louis,de St. Louis,STL,2.0,REG,3,REG,8476434.0,8477946.0,/video/det-at-stl-condensed-game-6384223574112,/fr/video/match-condense-red-wings-blues-28-10-2025-6384224746112,,,,,,,,,,DET
2025020159,20252026,2,2025-10-28,False,2025-10-29T00:30:00Z,-04:00,-05:00,US/Central,OFF,OK,15,Capitals,Washington,de Washington,WSH,0.0,25,Stars,Dallas,de Dallas,DAL,1.0,REG,3,REG,8479979.0,8475794.0,/video/wsh-at-dal-condensed-game-6384223320112,/fr/video/match-condense-capitals-stars-28-10-2025-6384224114112,,,,,,,,,,DAL
2025020160,20252026,2,2025-10-28,False,2025-10-29T00:45:00Z,-04:00,-05:00,America/Chicago,OFF,OK,9,Senators,Ottawa,d'Ottawa,OTT,3.0,16,Blackhawks,Chicago,de Chicago,CHI,7.0,REG,3,REG,8481519.0,8484144.0,/video/ott-at-chi-condensed-game-6384227083112,/fr/video/match-condense-senators-blackhawks-28-10-2025-6384225974112,,Sénateurs,,,,,,,,CHI
2025020161,20252026,2,2025-10-28,False,2025-10-29T01:00:00Z,-04:00,-06:00,America/Denver,OFF,OK,1,Devils,New Jersey,du New Jersey,NJD,4.0,21,Avalanche,Colorado,du Colorado,COL,8.0,REG,3,REG,8475809.0,8480448.0,/video/njd-at-col-condensed-game-6384225244112,/fr/video/match-condense-devils-avalanche-28-10-2025-6384226379112,,,,,,,,,,COL
2025020162,20252026,2,2025-10-28,False,2025-10-29T01:30:00Z,-04:00,-06:00,America/Edmonton,OFF,OK,68,Mammoth,Utah,de l'Utah,UTA,3.0,22,Oilers,Edmonton,d'Edmonton,EDM,6.0,REG,3,REG,8479973.0,8480834.0,/video/uta-at-edm-condensed-game-6384227487112,/fr/video/match-condense-mammoth-oilers-28-10-2025-6384224638112,,,,,,,,,,EDM
2025020163,20252026,2,2025-10-28,False,2025-10-29T02:00:00Z,-04:00,-07:00,America/Vancouver,OFF,OK,3,Rangers,New York,de New York,NYR,2.0,23,Canucks,Vancouver,de Vancouver,VAN,0.0,REG,3,REG,8471734.0,8476459.0,/video/nyr-at-van-condensed-game-6384226041112,/fr/video/match-condense-rangers-canucks-28-10-2025-6384228405112,,,,,,,,,,NYR
2025020164,20252026,2,2025-10-28,False,2025-10-29T02:30:00Z,-04:00,-07:00,US/Pacific,OFF,OK,8,Canadiens,Montréal,de Montréal,MTL,4.0,55,Kraken,Seattle,de Seattle,SEA,3.0,OT,3,OT,8482487.0,8481540.0,/video/mtl-at-sea-condensed-game-6384228449112,/fr/video/match-condense-canadiens-kraken-28-10-2025-6384226952112,,,,,,,,,,MTL
2025020165,20252026,2,2025-10-28,False,2025-10-29T03:00:00Z,-04:00,-07:00,US/Pacific,OFF,OK,26,Kings,Los Angeles,de Los Angeles,LAK,4.0,28,Sharks,San Jose,de San Jose,SJS,3.0,REG,3,REG,8475311.0,8482730.0,/video/lak-at-sjs-condensed-game-6384229144112,/fr/video/match-condense-kings-sharks-28-10-2025-6384228846112,,,,,,,,,,LAK
