idx_season,team_tri,playerId,firstName.default,lastName.default,positionCode,gamesPlayed,gamesStarted,wins,losses,ties,overtimeLosses,goalsAgainstAverage,savePercentage,shotsAgainst,saves,goalsAgainst,shutouts,goals,assists,points,penaltyMinutes,timeOnIce,idx_season_type,plusMinus,powerPlayGoals,shorthandedGoals,gameWinningGoals,overtimeGoals,shots,shootingPctg,avgTimeOnIcePerGame,avgShiftsPerGame,faceoffWinPctg
2024,ANA,8473503.0,James,Reimer,G,1.0,1.0,0.0,1.0,0.0,0.0,3.0,0.90625,32.0,29.0,3.0,0.0,0.0,0.0,0.0,0.0,3600.0,2.0,,,,,,,,,,
2024,ANA,8480843.0,Lukas,Dostal,G,4.0,4.0,2.0,1.0,0.0,1.0,2.484815,0.930556,144.0,134.0,10.0,1.0,0.0,0.0,0.0,0.0,14488.0,2.0,,,,,,,,,,
2024,ANA,8473986.0,Alex,Killorn,L,5.0,,,,,,,,,,,,0.0,0.0,0.0,4.0,,,0.0,0.0,0.0,0.0,0.0,3.0,0.0,1024.4,19.8,0.0
2024,ANA,8475208.0,Brian,Dumoulin,D,5.0,,,,,,,,,,,,0.0,2.0,2.0,0.0,,,2.0,0.0,0.0,0.0,0.0,7.0,0.0,1166.8,24.8,0.0
2024,ANA,8475462.0,Radko,Gudas,D,5.0,,,,,,,,,,,,0.0,0.0,0.0,4.0,,,1.0,0.0,0.0,0.0,0.0,1.0,0.0,1089.2,22.8,0.0
2024,ANA,8475764.0,Cam,Fowler,D,5.0,,,,,,,,,,,,0.0,1.0,1.0,2.0,,,-1.0,0.0,0.0,0.0,0.0,2.0,0.0,1323.4,25.0,0.0
2024,ANA,8476458.0,Ryan,Strome,C,5.0,,,,,,,,,,,,2.0,1.0,3.0,2.0,,,-2.0,0.0,0.0,0.0,0.0,14.0,0.142857,962.4,20.6,0.48
2024,ANA,8476934.0,Brock,McGinn,L,5.0,,,,,,,,,,,,0.0,2.0,2.0,0.0,,,1.0,0.0,0.0,0.0,0.0,6.0,0.0,714.8,17.0,0.0
2024,ANA,8477527.0,Ross,Johnston,L,2.0,,,,,,,,,,,,0.0,0.0,0.0,2.0,,,1.0,0.0,0.0,0.0,0.0,0.0,0.0,467.5,11.5,0.0
2024,ANA,8477952.0,Robby,Fabbri,C,5.0,,,,,,,,,,,,1.0,0.0,1.0,2.0,,,-1.0,0.0,0.0,0.0,0.0,5.0,0.2,1061.2,21.4,0.384615
2024,ANA,8478366.0,Frank,Vatrano,R,4.0,,,,,,,,,,,,0.0,2.0,2.0,2.0,,,-1.0,0.0,0.0,0.0,0.0,6.0,0.0,927.25,20.5,0.0
2024,ANA,8478424.0,Jansen,Harkins,C,1.0,,,,,,,,,,,,0.0,0.0,0.0,0.0,,,0.0,0.0,0.0,0.0,0.0,1.0,0.0,611.0,15.0,0.571429
2024,ANA,8478873.0,Troy,Terry,R,5.0,,,,,,,,,,,,3.0,1.0,4.0,0.0,,,0.0,0.0,0.0,0.0,0.0,11.0,0.272727,948.6,19.2,0.0
2024,ANA,8480001.0,Urho,Vaakanainen,D,1.0,,,,,,,,,,,,0.0,0.0,0.0,2.0,,,0.0,0.0,0.0,0.0,0.0,0.0,0.0,827.0,19.0,0.0
2024,ANA,8480806.0,Isac,Lundestrom,C,3.0,,,,,,,,,,,,1.0,0.0,1.0,0.0,,,1.0,0.0,0.0,1.0,0.0,3.0,0.333333,799.0,18.3333,0.422222
2024,ANA,8481517.0,Brett,Leason,R,5.0,,,,,,,,,,,,0.0,1.0,1.0,0.0,,,0.0,0.0,0.0,0.0,0.0,4.0,0.0,703.4,15.8,0.272727
2024,ANA,8481533.0,Trevor,Zegras,C,5.0,,,,,,,,,,,,1.0,1.0,2.0,4.0,,,-1.0,0.0,0.0,0.0,0.0,13.0,0.076923,1051.4,20.8,0.0
2024,ANA,8481605.0,Jackson,LaCombe,D,1.0,,,,,,,,,,,,0.0,0.0,0.0,0.0,,,-2.0,0.0,0.0,0.0,0.0,2.0,0.0,1080.0,23.0,0.0
2024,ANA,8482745.0,Mason,McTavish,C,5.0,,,,,,,,,,,,0.0,2.0,2.0,6.0,,,-1.0,0.0,0.0,0.0,0.0,7.0,0.0,1025.0,21.2,0.450704
2024,ANA,8482803.0,Olen,Zellweger,D,4.0,,,,,,,,,,,,0.0,1.0,1.0,2.0,,,2.0,0.0,0.0,0.0,0.0,8.0,0.0,1019.75,20.75,0.0
2024,ANA,8483445.0,Cutter,Gauthier,L,5.0,,,,,,,,,,,,0.0,0.0,0.0,2.0,,,0.0,0.0,0.0,0.0,0.0,9.0,0.0,908.0,17.4,0.222222
2024,ANA,8483482.0,Tristan,Luneau,D,5.0,,,,,,,,,,,,0.0,0.0,0.0,2.0,,,-4.0,0.0,0.0,0.0,0.0,6.0,0.0,998.8,19.2,0.0
2024,ANA,8483490.0,Pavel,Mintyukov,D,4.0,,,,,,,,,,,,2.0,0.0,2.0,0.0,,,3.0,0.0,0.0,0.0,0.0,3.0,0.666667,1348.75,26.75,0.0
2024,ANA,8484153.0,Leo,Carlsson,C,5.0,,,,,,,,,,,,2.0,1.0,3.0,0.0,,,1.0,0.0,0.0,1.0,1.0,11.0,0.181818,1060.6,20.0,0.304348
2024,BOS,8476914.0,Joonas,Korpisalo,G,2.0,2.0,1.0,1.0,0.0,0.0,4.569172,0.85,60.0,51.0,9.0,0.0,0.0,0.0,0.0,0.0,7091.0,2.0,,,,,,,,,,
2024,BOS,8480280.0,Jeremy,Swayman,G,4.0,4.0,2.0,1.0,0.0,1.0,2.708989,0.905172,116.0,105.0,11.0,0.0,0.0,0.0,0.0,0.0,14618.0,2.0,,,,,,,,,,
2024,BOS,8473419.0,Brad,Marchand,L,6.0,,,,,,,,,,,,0.0,4.0,4.0,8.0,,,-1.0,0.0,0.0,0.0,0.0,13.0,0.0,1108.1667,21.5,0.0
2024,BOS,8475745.0,Charlie,Coyle,C,6.0,,,,,,,,,,,,1.0,0.0,1.0,2.0,,,-5.0,1.0,0.0,0.0,0.0,6.0,0.166667,1062.6667,23.5,0.4375
2024,BOS,8476854.0,Hampus,Lindholm,D,6.0,,,,,,,,,,,,1.0,2.0,3.0,2.0,,,-1.0,0.0,0.0,1.0,0.0,14.0,0.071429,1313.5,28.5,0.0
2024,BOS,8477496.0,Elias,Lindholm,C,6.0,,,,,,,,,,,,2.0,3.0,5.0,0.0,,,2.0,0.0,0.0,0.0,0.0,6.0,0.333333,1115.1667,25.0,0.513514
2024,BOS,8477507.0,Nikita,Zadorov,D,6.0,,,,,,,,,,,,0.0,3.0,3.0,19.0,,,2.0,0.0,0.0,0.0,0.0,7.0,0.0,1124.3333,25.8333,0.0
2024,BOS,8477956.0,David,Pastrnak,R,6.0,,,,,,,,,,,,4.0,1.0,5.0,8.0,,,-1.0,2.0,0.0,1.0,1.0,22.0,0.181818,1182.1667,22.6667,0.0
2024,BOS,8478401.0,Pavel,Zacha,C,6.0,,,,,,,,,,,,1.0,1.0,2.0,9.0,,,0.0,0.0,1.0,0.0,0.0,16.0,0.0625,1152.1667,24.6667,0.528302
2024,BOS,8478443.0,Brandon,Carlo,D,6.0,,,,,,,,,,,,1.0,2.0,3.0,2.0,,,0.0,0.0,0.0,0.0,0.0,5.0,0.2,1109.8333,25.5,0.0
2024,BOS,8478450.0,Parker,Wotherspoon,D,1.0,,,,,,,,,,,,0.0,0.0,0.0,0.0,,,0.0,0.0,0.0,0.0,0.0,1.0,0.0,776.0,16.0,0.0
2024,BOS,8479325.0,Charlie,McAvoy,D,6.0,,,,,,,,,,,,2.0,1.0,3.0,10.0,,,3.0,1.0,0.0,0.0,0.0,11.0,0.181818,1408.5,28.1667,0.0
2024,BOS,8479362.0,Riley,Tufte,L,2.0,,,,,,,,,,,,0.0,0.0,0.0,4.0,,,-1.0,0.0,0.0,0.0,0.0,0.0,0.0,487.5,11.5,0.0
2024,BOS,8479365.0,Trent,Frederic,C,6.0,,,,,,,,,,,,1.0,0.0,1.0,6.0,,,-7.0,0.0,0.0,0.0,0.0,11.0,0.090909,861.3333,18.8333,0.46875
2024,BOS,8479368.0,Max,Jones,L,2.0,,,,,,,,,,,,0.0,0.0,0.0,4.0,,,-1.0,0.0,0.0,0.0,0.0,1.0,0.0,572.0,15.5,0.0
2024,BOS,8479369.0,Andrew,Peeke,D,6.0,,,,,,,,,,,,0.0,2.0,2.0,0.0,,,2.0,0.0,0.0,0.0,0.0,3.0,0.0,1020.5,22.8333,0.0
2024,BOS,8479638.0,Justin,Brazeau,R,5.0,,,,,,,,,,,,0.0,1.0,1.0,0.0,,,-3.0,0.0,0.0,0.0,0.0,2.0,0.0,703.8,16.6,0.5
2024,BOS,8479987.0,Morgan,Geekie,C,5.0,,,,,,,,,,,,0.0,0.0,0.0,0.0,,,-4.0,0.0,0.0,0.0,0.0,6.0,0.0,778.8,16.8,0.857143
2024,BOS,8480355.0,Mark,Kastelic,C,6.0,,,,,,,,,,,,2.0,3.0,5.0,7.0,,,8.0,0.0,0.0,0.0,0.0,6.0,0.333333,743.8333,19.0,0.619048
2024,BOS,8481043.0,Cole,Koepke,L,6.0,,,,,,,,,,,,3.0,3.0,6.0,2.0,,,10.0,0.0,0.0,1.0,0.0,12.0,0.25,643.0,17.6667,0.0
2024,BOS,8481556.0,John,Beecher,C,6.0,,,,,,,,,,,,2.0,3.0,5.0,0.0,,,9.0,0.0,0.0,0.0,0.0,8.0,0.25,806.0,20.1667,0.52381
2024,BOS,8482511.0,Mason,Lohrei,D,5.0,,,,,,,,,,,,1.0,3.0,4.0,0.0,,,-2.0,0.0,0.0,0.0,0.0,7.0,0.142857,997.2,22.6,0.0
2024,BOS,8483505.0,Matthew,Poitras,C,4.0,,,,,,,,,,,,0.0,1.0,1.0,0.0,,,-2.0,0.0,0.0,0.0,0.0,2.0,0.0,769.75,16.5,0.8125
2024,BUF,8480045.0,Ukko-Pekka,Luukkonen,G,4.0,4.0,1.0,2.0,0.0,1.0,3.263598,0.895161,124.0,111.0,13.0,0.0,0.0,0.0,0.0,0.0,14340.0,2.0,,,,,,,,,,
2024,BUF,8482221.0,Devon,Levi,G,3.0,3.0,1.0,2.0,0.0,0.0,3.790925,0.873563,87.0,76.0,11.0,0.0,0.0,0.0,0.0,0.0,10446.0,2.0,,,,,,,,,,
2024,BUF,8475722.0,Jason,Zucker,L,7.0,,,,,,,,,,,,0.0,4.0,4.0,16.0,,,2.0,0.0,0.0,0.0,0.0,6.0,0.0,905.0,19.5714,0.333333
2024,BUF,8477365.0,Connor,Clifton,D,7.0,,,,,,,,,,,,0.0,2.0,2.0,2.0,,,0.0,0.0,0.0,0.0,0.0,8.0,0.0,890.7143,20.7143,0.0
2024,BUF,8477949.0,Alex,Tuch,R,7.0,,,,,,,,,,,,2.0,5.0,7.0,11.0,,,1.0,0.0,1.0,0.0,0.0,17.0,0.117647,1184.2857,26.8571,0.4
2024,BUF,8477979.0,Nicolas,Aube-Kubel,R,1.0,,,,,,,,,,,,0.0,0.0,0.0,2.0,,,0.0,0.0,0.0,0.0,0.0,2.0,0.0,345.0,9.0,0.0
2024,BUF,8478043.0,Sam,Lafferty,C,6.0,,,,,,,,,,,,0.0,0.0,0.0,4.0,,,-1.0,0.0,0.0,0.0,0.0,3.0,0.0,619.0,15.3333,0.266667
2024,BUF,8478413.0,Jordan,Greenway,L,6.0,,,,,,,,,,,,2.0,2.0,4.0,4.0,,,2.0,0.0,0.0,0.0,0.0,11.0,0.181818,992.8333,23.5,0.0
2024,BUF,8478502.0,Dennis,Gilbert,D,1.0,,,,,,,,,,,,0.0,0.0,0.0,0.0,,,0.0,0.0,0.0,0.0,0.0,0.0,0.0,289.0,8.0,0.0
2024,BUF,8479359.0,Beck,Malenstyn,L,7.0,,,,,,,,,,,,1.0,0.0,1.0,4.0,,,-1.0,0.0,0.0,0.0,0.0,6.0,0.166667,509.2857,11.5714,0.0
2024,BUF,8479420.0,Tage,Thompson,C,7.0,,,,,,,,,,,,4.0,2.0,6.0,4.0,,,2.0,0.0,0.0,0.0,0.0,21.0,0.190476,1193.1429,25.0,0.470588
2024,BUF,8480035.0,Henri,Jokiharju,D,7.0,,,,,,,,,,,,1.0,2.0,3.0,0.0,,,4.0,0.0,0.0,1.0,0.0,8.0,0.125,1085.7143,26.1429,0.0
2024,BUF,8480802.0,Ryan,McLeod,C,7.0,,,,,,,,,,,,3.0,1.0,4.0,2.0,,,4.0,0.0,0.0,0.0,0.0,9.0,0.333333,942.1429,21.8571,0.5
2024,BUF,8480807.0,Mattias,Samuelsson,D,7.0,,,,,,,,,,,,1.0,0.0,1.0,2.0,,,-2.0,0.0,0.0,0.0,0.0,8.0,0.125,988.0,22.0,0.0
2024,BUF,8480839.0,Rasmus,Dahlin,D,7.0,,,,,,,,,,,,0.0,2.0,2.0,2.0,,,1.0,0.0,0.0,0.0,0.0,11.0,0.0,1449.8571,29.5714,0.0
2024,BUF,8481522.0,Peyton,Krebs,C,6.0,,,,,,,,,,,,0.0,2.0,2.0,7.0,,,-1.0,0.0,0.0,0.0,0.0,3.0,0.0,664.6667,16.3333,0.611111
2024,BUF,8481524.0,Bowen,Byram,D,7.0,,,,,,,,,,,,0.0,3.0,3.0,2.0,,,0.0,0.0,0.0,0.0,0.0,3.0,0.0,1246.7143,24.5714,0.0
2024,BUF,8481528.0,Dylan,Cozens,C,7.0,,,,,,,,,,,,0.0,2.0,2.0,12.0,,,-2.0,0.0,0.0,0.0,0.0,23.0,0.0,1104.1429,23.7143,0.490741
2024,BUF,8482097.0,Jack,Quinn,R,6.0,,,,,,,,,,,,0.0,1.0,1.0,0.0,,,-4.0,0.0,0.0,0.0,0.0,6.0,0.0,938.1667,19.3333,0.0
2024,BUF,8482175.0,JJ,Peterka,R,5.0,,,,,,,,,,,,4.0,2.0,6.0,2.0,,,3.0,0.0,0.0,1.0,0.0,10.0,0.4,976.6,19.6,1.0
2024,BUF,8482671.0,Owen,Power,D,7.0,,,,,,,,,,,,2.0,1.0,3.0,0.0,,,0.0,0.0,0.0,0.0,0.0,11.0,0.181818,1339.7143,26.8571,0.0
2024,BUF,8483468.0,Jiri,Kulich,C,5.0,,,,,,,,,,,,1.0,0.0,1.0,2.0,,,0.0,0.0,0.0,0.0,0.0,14.0,0.071429,926.0,19.6,0.636364
2024,BUF,8484145.0,Zach,Benson,L,6.0,,,,,,,,,,,,0.0,0.0,0.0,2.0,,,-4.0,0.0,0.0,0.0,0.0,8.0,0.0,849.5,19.3333,0.5
2024,CAR,8475883.0,Frederik,Andersen,G,2.0,2.0,1.0,1.0,0.0,0.0,1.530395,0.93617,47.0,44.0,3.0,0.0,0.0,0.0,0.0,0.0,7057.0,2.0,,,,,,,,,,
2024,CAR,8481611.0,Pyotr,Kochetkov,G,2.0,2.0,1.0,1.0,0.0,0.0,3.052572,0.866667,45.0,39.0,6.0,0.0,0.0,0.0,0.0,0.0,7076.0,2.0,,,,,,,,,,
2024,CAR,8470613.0,Brent,Burns,D,4.0,,,,,,,,,,,,0.0,0.0,0.0,2.0,,,-3.0,0.0,0.0,0.0,0.0,10.0,0.0,1237.75,27.5,0.0
2024,CAR,8473533.0,Jordan,Staal,C,4.0,,,,,,,,,,,,1.0,0.0,1.0,0.0,,,-1.0,0.0,0.0,0.0,0.0,5.0,0.2,877.5,22.5,0.561644
2024,CAR,8475200.0,Dmitry,Orlov,D,4.0,,,,,,,,,,,,0.0,2.0,2.0,2.0,,,3.0,0.0,0.0,0.0,0.0,5.0,0.0,1208.0,24.25,0.0
2024,CAR,8476906.0,Shayne,Gostisbehere,D,4.0,,,,,,,,,,,,3.0,0.0,3.0,6.0,,,0.0,2.0,0.0,0.0,0.0,12.0,0.25,1111.5,22.25,0.0
2024,CAR,8476921.0,Jordan,Martinook,L,4.0,,,,,,,,,,,,0.0,1.0,1.0,2.0,,,1.0,0.0,0.0,0.0,0.0,6.0,0.0,888.25,21.25,0.6
2024,CAR,8476958.0,Jaccob,Slavin,D,4.0,,,,,,,,,,,,0.0,2.0,2.0,2.0,,,0.0,0.0,0.0,0.0,0.0,6.0,0.0,1302.75,26.75,0.0
2024,CAR,8477478.0,William,Carrier,L,4.0,,,,,,,,,,,,0.0,1.0,1.0,2.0,,,1.0,0.0,0.0,0.0,0.0,4.0,0.0,739.75,18.25,0.0
2024,CAR,8478427.0,Sebastian,Aho,C,4.0,,,,,,,,,,,,1.0,3.0,4.0,4.0,,,-2.0,0.0,0.0,0.0,0.0,10.0,0.1,1178.25,22.75,0.5
2024,CAR,8478458.0,Jack,Roslovic,C,4.0,,,,,,,,,,,,2.0,0.0,2.0,0.0,,,1.0,0.0,0.0,0.0,0.0,8.0,0.25,790.0,16.25,0.428571
2024,CAR,8478970.0,Jalen,Chatfield,D,4.0,,,,,,,,,,,,0.0,0.0,0.0,0.0,,,1.0,0.0,0.0,0.0,0.0,2.0,0.0,1110.25,24.25,0.0
2024,CAR,8480039.0,Martin,Necas,C,4.0,,,,,,,,,,,,1.0,2.0,3.0,0.0,,,-1.0,1.0,0.0,1.0,0.0,6.0,0.166667,1007.0,17.75,0.0
2024,CAR,8480336.0,Sean,Walker,D,4.0,,,,,,,,,,,,0.0,0.0,0.0,8.0,,,1.0,0.0,0.0,0.0,0.0,5.0,0.0,989.0,22.0,0.0
2024,CAR,8480762.0,Eric,Robinson,L,4.0,,,,,,,,,,,,0.0,1.0,1.0,2.0,,,2.0,0.0,0.0,0.0,0.0,4.0,0.0,627.25,13.75,0.333333
2024,CAR,8480829.0,Jesperi,Kotkaniemi,C,4.0,,,,,,,,,,,,0.0,3.0,3.0,0.0,,,0.0,0.0,0.0,0.0,0.0,5.0,0.0,877.0,17.0,0.456522
2024,CAR,8480830.0,Andrei,Svechnikov,R,4.0,,,,,,,,,,,,1.0,3.0,4.0,6.0,,,-1.0,0.0,0.0,0.0,0.0,17.0,0.058824,1039.25,20.0,0.0
2024,CAR,8480835.0,Jack,Drury,C,4.0,,,,,,,,,,,,0.0,1.0,1.0,0.0,,,2.0,0.0,0.0,0.0,0.0,3.0,0.0,758.0,17.0,0.6
2024,CAR,8482093.0,Seth,Jarvis,C,4.0,,,,,,,,,,,,1.0,2.0,3.0,2.0,,,-1.0,0.0,0.0,0.0,0.0,11.0,0.090909,1175.75,23.25,0.285714
2024,CAR,8482809.0,Jackson,Blake,R,4.0,,,,,,,,,,,,2.0,0.0,2.0,6.0,,,0.0,0.0,0.0,1.0,0.0,12.0,0.166667,656.5,14.75,0.5
2024,CBJ,8478007.0,Elvis,Merzlikins,G,2.0,2.0,0.0,2.0,0.0,0.0,3.677758,0.854167,48.0,41.0,7.0,0.0,0.0,0.0,0.0,0.0,6852.0,2.0,,,,,,,,,,
2024,CBJ,8480193.0,Daniil,Tarasov,G,3.0,3.0,2.0,1.0,0.0,0.0,3.700589,0.876404,89.0,78.0,11.0,0.0,0.0,1.0,1.0,0.0,10701.0,2.0,,,,,,,,,,
2024,CBJ,8471677.0,Jack,Johnson,D,4.0,,,,,,,,,,,,0.0,0.0,0.0,0.0,,,1.0,0.0,0.0,0.0,0.0,2.0,0.0,922.25,18.0,0.0
2024,CBJ,8474037.0,James,van Riemsdyk,L,5.0,,,,,,,,,,,,1.0,0.0,1.0,0.0,,,-2.0,0.0,0.0,0.0,0.0,3.0,0.333333,664.0,15.4,0.5
2024,CBJ,8475790.0,Erik,Gudbranson,D,3.0,,,,,,,,,,,,0.0,0.0,0.0,2.0,,,0.0,0.0,0.0,0.0,0.0,1.0,0.0,946.3333,19.3333,0.0
2024,CBJ,8476374.0,Sean,Kuraly,C,5.0,,,,,,,,,,,,0.0,0.0,0.0,0.0,,,1.0,0.0,0.0,0.0,0.0,1.0,0.0,586.4,12.6,0.62069
2024,CBJ,8476923.0,Damon,Severson,D,5.0,,,,,,,,,,,,1.0,3.0,4.0,4.0,,,3.0,0.0,0.0,0.0,0.0,9.0,0.111111,1246.2,23.8,0.0
2024,CBJ,8477497.0,Sean,Monahan,C,5.0,,,,,,,,,,,,2.0,3.0,5.0,2.0,,,0.0,1.0,0.0,0.0,0.0,16.0,0.125,1231.0,24.6,0.548673
2024,CBJ,8478099.0,Kevin,Labanc,R,3.0,,,,,,,,,,,,0.0,2.0,2.0,2.0,,,0.0,0.0,0.0,0.0,0.0,3.0,0.0,725.0,16.0,0.0
2024,CBJ,8478460.0,Zach,Werenski,D,5.0,,,,,,,,,,,,2.0,2.0,4.0,0.0,,,-3.0,1.0,0.0,0.0,0.0,22.0,0.090909,1547.8,25.6,0.0
2024,CBJ,8478500.0,Ivan,Provorov,D,5.0,,,,,,,,,,,,0.0,1.0,1.0,2.0,,,-1.0,0.0,0.0,0.0,0.0,7.0,0.0,1381.8,25.0,0.0
2024,CBJ,8479671.0,Mathieu,Olivier,R,5.0,,,,,,,,,,,,1.0,1.0,2.0,8.0,,,1.0,0.0,0.0,0.0,0.0,2.0,0.5,732.8,16.4,0.0
2024,CBJ,8479941.0,Justin,Danforth,R,2.0,,,,,,,,,,,,0.0,0.0,0.0,0.0,,,-1.0,0.0,0.0,0.0,0.0,3.0,0.0,985.5,21.5,1.0
2024,CBJ,8479944.0,Zachary,Aston-Reese,C,5.0,,,,,,,,,,,,1.0,0.0,1.0,0.0,,,1.0,0.0,0.0,1.0,0.0,7.0,0.142857,532.0,12.6,0.0
2024,CBJ,8480887.0,Jordan,Harris,D,3.0,,,,,,,,,,,,0.0,0.0,0.0,4.0,,,-1.0,0.0,0.0,0.0,0.0,2.0,0.0,789.3333,14.3333,0.0
2024,CBJ,8480893.0,Kirill,Marchenko,R,5.0,,,,,,,,,,,,2.0,4.0,6.0,0.0,,,3.0,0.0,0.0,0.0,0.0,9.0,0.222222,1143.6,21.6,0.666667
2024,CBJ,8481161.0,Jake,Christiansen,D,5.0,,,,,,,,,,,,0.0,3.0,3.0,0.0,,,2.0,0.0,0.0,0.0,0.0,8.0,0.0,892.2,17.2,0.0
2024,CBJ,8482451.0,Mikael,Pyyhtia,L,5.0,,,,,,,,,,,,0.0,0.0,0.0,0.0,,,0.0,0.0,0.0,0.0,0.0,0.0,0.0,935.0,20.4,0.0
2024,CBJ,8482475.0,Yegor,Chinakhov,R,5.0,,,,,,,,,,,,3.0,4.0,7.0,0.0,,,5.0,1.0,0.0,1.0,0.0,17.0,0.176471,1153.6,22.0,0.0
2024,CBJ,8482660.0,Kent,Johnson,C,4.0,,,,,,,,,,,,2.0,3.0,5.0,2.0,,,-2.0,0.0,0.0,0.0,0.0,8.0,0.25,1006.0,21.25,0.0
2024,CBJ,8482705.0,Cole,Sillinger,C,5.0,,,,,,,,,,,,1.0,2.0,3.0,6.0,,,-2.0,0.0,1.0,0.0,0.0,11.0,0.090909,1091.6,22.8,0.416667
2024,CBJ,8483460.0,David,Jiricek,D,1.0,,,,,,,,,,,,0.0,1.0,1.0,0.0,,,1.0,0.0,0.0,0.0,0.0,0.0,0.0,683.0,11.0,0.0
2024,CBJ,8484166.0,Adam,Fantilli,C,5.0,,,,,,,,,,,,2.0,0.0,2.0,0.0,,,-1.0,0.0,0.0,0.0,0.0,12.0,0.166667,1089.2,23.0,0.474576
2024,CGY,8478435.0,Dan,Vladar,G,3.0,3.0,2.0,0.0,0.0,1.0,2.632301,0.890411,73.0,65.0,8.0,0.0,0.0,0.0,0.0,0.0,10941.0,2.0,,,,,,,,,,
2024,CGY,8481692.0,Dustin,Wolf,G,2.0,2.0,2.0,0.0,0.0,0.0,2.023893,0.944444,72.0,68.0,4.0,0.0,0.0,0.0,0.0,0.0,7115.0,2.0,,,,,,,,,,
2024,CGY,8474150.0,Mikael,Backlund,C,5.0,,,,,,,,,,,,1.0,2.0,3.0,4.0,,,2.0,0.0,0.0,1.0,0.0,10.0,0.1,1209.4,24.8,0.424242
2024,CGY,8475172.0,Nazem,Kadri,C,5.0,,,,,,,,,,,,2.0,2.0,4.0,4.0,,,-1.0,1.0,0.0,0.0,0.0,18.0,0.111111,1118.0,22.8,0.541667
2024,CGY,8475197.0,Tyson,Barrie,D,2.0,,,,,,,,,,,,0.0,0.0,0.0,0.0,,,0.0,0.0,0.0,0.0,0.0,2.0,0.0,980.5,21.5,0.0
2024,CGY,8476399.0,Blake,Coleman,C,5.0,,,,,,,,,,,,1.0,1.0,2.0,0.0,,,-1.0,1.0,0.0,0.0,0.0,19.0,0.052632,1116.8,22.8,0.5
2024,CGY,8476456.0,Jonathan,Huberdeau,C,5.0,,,,,,,,,,,,3.0,3.0,6.0,2.0,,,0.0,0.0,0.0,0.0,0.0,7.0,0.428571,1090.0,22.4,0.571429
2024,CGY,8477346.0,MacKenzie,Weegar,D,5.0,,,,,,,,,,,,2.0,1.0,3.0,0.0,,,3.0,2.0,0.0,0.0,0.0,12.0,0.166667,1326.4,29.4,0.0
2024,CGY,8477511.0,Anthony,Mantha,R,5.0,,,,,,,,,,,,2.0,2.0,4.0,7.0,,,4.0,0.0,1.0,1.0,0.0,7.0,0.285714,875.4,18.0,0.0
2024,CGY,8477993.0,Justin,Kirkland,C,4.0,,,,,,,,,,,,1.0,1.0,2.0,0.0,,,3.0,0.0,0.0,0.0,0.0,2.0,0.5,646.25,16.75,0.465116
2024,CGY,8478397.0,Rasmus,Andersson,D,5.0,,,,,,,,,,,,2.0,4.0,6.0,2.0,,,6.0,0.0,0.0,0.0,0.0,6.0,0.333333,1409.6,29.8,0.0
2024,CGY,8479066.0,Ryan,Lomberg,L,5.0,,,,,,,,,,,,0.0,0.0,0.0,2.0,,,2.0,0.0,0.0,0.0,0.0,3.0,0.0,630.0,15.6,0.0
2024,CGY,8479291.0,Kevin,Rooney,C,1.0,,,,,,,,,,,,0.0,0.0,0.0,0.0,,,0.0,0.0,0.0,0.0,0.0,0.0,0.0,63.0,2.0,0.0
2024,CGY,8479402.0,Jake,Bean,D,4.0,,,,,,,,,,,,0.0,2.0,2.0,0.0,,,1.0,0.0,0.0,0.0,0.0,2.0,0.0,987.5,21.5,0.0
2024,CGY,8480860.0,Kevin,Bahl,D,5.0,,,,,,,,,,,,0.0,2.0,2.0,2.0,,,5.0,0.0,0.0,0.0,0.0,6.0,0.0,1252.4,27.2,0.0
2024,CGY,8481028.0,Martin,Pospisil,C,5.0,,,,,,,,,,,,1.0,4.0,5.0,7.0,,,3.0,0.0,0.0,0.0,0.0,5.0,0.2,770.6,19.4,0.367347
2024,CGY,8481167.0,Brayden,Pachal,D,5.0,,,,,,,,,,,,0.0,1.0,1.0,4.0,,,0.0,0.0,0.0,0.0,0.0,4.0,0.0,942.8,23.2,0.0
2024,CGY,8482074.0,Connor,Zary,C,5.0,,,,,,,,,,,,2.0,3.0,5.0,2.0,,,2.0,0.0,0.0,1.0,1.0,9.0,0.222222,1073.2,21.0,0.5
2024,CGY,8482624.0,Daniil,Miromanov,D,4.0,,,,,,,,,,,,0.0,0.0,0.0,0.0,,,0.0,0.0,0.0,0.0,0.0,2.0,0.0,1064.25,24.25,0.0
2024,CGY,8482679.0,Matt,Coronato,R,3.0,,,,,,,,,,,,2.0,0.0,2.0,2.0,,,4.0,0.0,0.0,0.0,0.0,4.0,0.5,754.6667,17.0,0.0
2024,CGY,8483609.0,Adam,Klapka,R,3.0,,,,,,,,,,,,0.0,0.0,0.0,6.0,,,0.0,0.0,0.0,0.0,0.0,4.0,0.0,521.6667,13.0,0.666667
2024,CGY,8483808.0,Andrei,Kuzmenko,L,5.0,,,,,,,,,,,,1.0,4.0,5.0,2.0,,,1.0,1.0,0.0,1.0,0.0,8.0,0.125,953.8,19.2,0.0
2024,CGY,8484180.0,Samuel,Honzek,L,4.0,,,,,,,,,,,,0.0,0.0,0.0,2.0,,,0.0,0.0,0.0,0.0,0.0,6.0,0.0,766.5,17.5,0.0
2024,CHI,8475852.0,Petr,Mrazek,G,4.0,4.0,2.0,2.0,0.0,0.0,2.53218,0.910714,112.0,102.0,10.0,0.0,0.0,0.0,0.0,0.0,14217.0,2.0,,,,,,,,,,
2024,CHI,8482821.0,Arvid,Soderblom,G,2.0,2.0,0.0,1.0,0.0,1.0,2.523482,0.910714,56.0,51.0,5.0,0.0,0.0,0.0,0.0,0.0,7133.0,2.0,,,,,,,,,,
2024,CHI,8473422.0,Nick,Foligno,L,6.0,,,,,,,,,,,,3.0,0.0,3.0,4.0,,,0.0,1.0,0.0,1.0,0.0,16.0,0.1875,1081.5,22.6667,0.618182
2024,CHI,8474034.0,Patrick,Maroon,L,5.0,,,,,,,,,,,,0.0,1.0,1.0,14.0,,,-2.0,0.0,0.0,0.0,0.0,4.0,0.0,718.8,14.6,0.0
2024,CHI,8474166.0,Alec,Martinez,D,4.0,,,,,,,,,,,,0.0,1.0,1.0,0.0,,,-1.0,0.0,0.0,0.0,0.0,4.0,0.0,1261.5,24.25,0.0
2024,CHI,8474673.0,TJ,Brodie,D,6.0,,,,,,,,,,,,0.0,2.0,2.0,4.0,,,-3.0,0.0,0.0,0.0,0.0,3.0,0.0,990.5,22.5,0.0
2024,CHI,8475225.0,Craig,Smith,C,4.0,,,,,,,,,,,,2.0,0.0,2.0,0.0,,,-3.0,0.0,0.0,0.0,0.0,7.0,0.285714,614.0,14.0,0.5
2024,CHI,8475791.0,Taylor,Hall,L,6.0,,,,,,,,,,,,1.0,1.0,2.0,0.0,,,-5.0,0.0,0.0,0.0,0.0,15.0,0.066667,915.6667,17.8333,0.454545
2024,CHI,8476473.0,Connor,Murphy,D,6.0,,,,,,,,,,,,0.0,1.0,1.0,11.0,,,-1.0,0.0,0.0,0.0,0.0,7.0,0.0,1045.8333,22.3333,0.0
2024,CHI,8476882.0,Teuvo,Teravainen,C,6.0,,,,,,,,,,,,3.0,4.0,7.0,0.0,,,0.0,2.0,0.0,0.0,0.0,14.0,0.214286,1157.6667,21.6667,0.5
2024,CHI,8476960.0,Andreas,Athanasiou,C,4.0,,,,,,,,,,,,0.0,0.0,0.0,0.0,,,-1.0,0.0,0.0,0.0,0.0,5.0,0.0,572.75,13.5,0.413793
2024,CHI,8477450.0,Jason,Dickinson,C,6.0,,,,,,,,,,,,1.0,0.0,1.0,2.0,,,-2.0,0.0,0.0,0.0,0.0,5.0,0.2,866.3333,20.0,0.41573
2024,CHI,8477479.0,Tyler,Bertuzzi,L,6.0,,,,,,,,,,,,1.0,0.0,1.0,2.0,,,-4.0,1.0,0.0,0.0,0.0,10.0,0.1,997.5,18.1667,0.0
2024,CHI,8477495.0,Seth,Jones,D,6.0,,,,,,,,,,,,1.0,5.0,6.0,4.0,,,-1.0,1.0,0.0,0.0,0.0,21.0,0.047619,1543.0,26.5,0.0
2024,CHI,8477987.0,Ryan,Donato,C,4.0,,,,,,,,,,,,1.0,0.0,1.0,2.0,,,-1.0,0.0,0.0,0.0,0.0,4.0,0.25,738.25,15.75,0.3
2024,CHI,8479315.0,Joey,Anderson,R,5.0,,,,,,,,,,,,0.0,1.0,1.0,0.0,,,-1.0,0.0,0.0,0.0,0.0,4.0,0.0,807.2,17.8,0.666667
2024,CHI,8480798.0,Philipp,Kurashev,C,6.0,,,,,,,,,,,,1.0,0.0,1.0,4.0,,,-6.0,0.0,0.0,0.0,0.0,8.0,0.125,953.6667,19.0,0.517241
2024,CHI,8481568.0,Alex,Vlasic,D,6.0,,,,,,,,,,,,0.0,2.0,2.0,0.0,,,-3.0,0.0,0.0,0.0,0.0,7.0,0.0,1303.1667,25.8333,0.0
2024,CHI,8481624.0,Ilya,Mikheyev,R,6.0,,,,,,,,,,,,0.0,0.0,0.0,2.0,,,1.0,0.0,0.0,0.0,0.0,6.0,0.0,898.1667,19.1667,0.0
2024,CHI,8482117.0,Lukas,Reichel,L,2.0,,,,,,,,,,,,0.0,2.0,2.0,0.0,,,-1.0,0.0,0.0,0.0,0.0,5.0,0.0,506.0,12.5,0.25
2024,CHI,8482176.0,Wyatt,Kaiser,D,5.0,,,,,,,,,,,,0.0,1.0,1.0,0.0,,,1.0,0.0,0.0,0.0,0.0,2.0,0.0,1043.0,22.6,0.0
2024,CHI,8482700.0,Nolan,Allan,D,3.0,,,,,,,,,,,,0.0,0.0,0.0,0.0,,,-1.0,0.0,0.0,0.0,0.0,2.0,0.0,746.0,18.0,0.0
2024,CHI,8484144.0,Connor,Bedard,C,6.0,,,,,,,,,,,,1.0,6.0,7.0,2.0,,,2.0,0.0,0.0,1.0,0.0,19.0,0.052632,1203.6667,20.8333,0.353846
2024,COL,8480382.0,Alexandar,Georgiev,G,5.0,5.0,1.0,3.0,0.0,0.0,4.987531,0.811321,106.0,86.0,20.0,0.0,0.0,0.0,0.0,0.0,14436.0,2.0,,,,,,,,,,
2024,COL,8481020.0,Justus,Annunen,G,3.0,1.0,1.0,1.0,0.0,0.0,2.699055,0.883721,43.0,38.0,5.0,0.0,0.0,0.0,0.0,0.0,6669.0,2.0,,,,,,,,,,
2024,COL,8475177.0,Calvin,de Haan,D,5.0,,,,,,,,,,,,0.0,1.0,1.0,2.0,,,-4.0,0.0,0.0,0.0,0.0,9.0,0.0,1013.2,20.6,0.0
2024,COL,8475780.0,Chris,Wagner,R,2.0,,,,,,,,,,,,0.0,0.0,0.0,2.0,,,-1.0,0.0,0.0,0.0,0.0,3.0,0.0,396.0,12.5,0.5
2024,COL,8476312.0,Josh,Manson,D,6.0,,,,,,,,,,,,0.0,3.0,3.0,8.0,,,-5.0,0.0,0.0,0.0,0.0,10.0,0.0,1090.1667,24.5,0.0
2024,COL,8477425.0,Miles,Wood,L,6.0,,,,,,,,,,,,1.0,0.0,1.0,6.0,,,-4.0,0.0,0.0,0.0,0.0,13.0,0.076923,785.1667,19.3333,0.25
2024,COL,8477492.0,Nathan,MacKinnon,C,6.0,,,,,,,,,,,,2.0,9.0,11.0,12.0,,,-3.0,1.0,0.0,1.0,1.0,25.0,0.08,1355.3333,25.8333,0.526316
2024,COL,8477494.0,Jonathan,Drouin,L,1.0,,,,,,,,,,,,0.0,0.0,0.0,0.0,,,-1.0,0.0,0.0,0.0,0.0,0.0,0.0,1285.0,23.0,0.0
2024,COL,8478038.0,Devon,Toews,D,2.0,,,,,,,,,,,,0.0,1.0,1.0,4.0,,,-2.0,0.0,0.0,0.0,0.0,3.0,0.0,1279.5,27.0,0.0
2024,COL,8478420.0,Mikko,Rantanen,R,6.0,,,,,,,,,,,,4.0,7.0,11.0,6.0,,,-1.0,2.0,0.0,0.0,0.0,20.0,0.2,1328.1667,25.6667,0.533333
2024,COL,8478430.0,Oliver,Kylington,D,2.0,,,,,,,,,,,,0.0,0.0,0.0,2.0,,,-2.0,0.0,0.0,0.0,0.0,0.0,0.0,1039.0,24.5,0.0
2024,COL,8479398.0,Samuel,Girard,D,6.0,,,,,,,,,,,,0.0,3.0,3.0,0.0,,,-1.0,0.0,0.0,0.0,0.0,2.0,0.0,1314.6667,27.5,0.0
2024,COL,8479525.0,Ross,Colton,C,6.0,,,,,,,,,,,,6.0,1.0,7.0,0.0,,,-2.0,3.0,0.0,1.0,0.0,22.0,0.272727,1157.0,24.5,0.395349
2024,COL,8479999.0,Casey,Mittelstadt,C,6.0,,,,,,,,,,,,4.0,1.0,5.0,2.0,,,-5.0,1.0,0.0,0.0,0.0,18.0,0.222222,1224.6667,23.0,0.521739
2024,COL,8480069.0,Cale,Makar,D,6.0,,,,,,,,,,,,2.0,10.0,12.0,2.0,,,-4.0,1.0,0.0,0.0,0.0,12.0,0.166667,1501.3333,27.5,0.0
2024,COL,8480448.0,Parker,Kelly,C,6.0,,,,,,,,,,,,0.0,1.0,1.0,2.0,,,-3.0,0.0,0.0,0.0,0.0,8.0,0.0,813.6667,20.3333,0.482353
2024,COL,8481042.0,Nikolai,Kovalenko,R,6.0,,,,,,,,,,,,0.0,1.0,1.0,2.0,,,-3.0,0.0,0.0,0.0,0.0,9.0,0.0,844.3333,19.6667,0.0
2024,COL,8481186.0,Logan,O'Connor,R,6.0,,,,,,,,,,,,0.0,0.0,0.0,9.0,,,-3.0,0.0,0.0,0.0,0.0,4.0,0.0,1015.1667,22.8333,0.0
2024,COL,8481206.0,John,Ludvig,D,3.0,,,,,,,,,,,,0.0,1.0,1.0,0.0,,,0.0,0.0,0.0,0.0,0.0,2.0,0.0,842.3333,19.3333,0.0
2024,COL,8481641.0,Joel,Kiviranta,L,6.0,,,,,,,,,,,,1.0,0.0,1.0,0.0,,,0.0,0.0,0.0,0.0,0.0,3.0,0.333333,608.5,16.1667,0.666667
2024,COL,8481737.0,Matt,Stienburg,C,3.0,,,,,,,,,,,,0.0,0.0,0.0,5.0,,,0.0,0.0,0.0,0.0,0.0,3.0,0.0,363.6667,10.3333,0.0
2024,COL,8483930.0,Ivan,Ivan,C,6.0,,,,,,,,,,,,0.0,1.0,1.0,0.0,,,-1.0,0.0,0.0,0.0,0.0,7.0,0.0,537.8333,13.5,0.428571
2024,COL,8484221.0,Calum,Ritchie,C,6.0,,,,,,,,,,,,1.0,0.0,1.0,0.0,,,-7.0,0.0,0.0,0.0,0.0,11.0,0.090909,822.3333,17.6667,0.428571
2024,COL,8484258.0,Sam,Malinski,D,6.0,,,,,,,,,,,,0.0,0.0,0.0,0.0,,,-2.0,0.0,0.0,0.0,0.0,8.0,0.0,964.5,21.3333,0.0
2024,DAL,8479193.0,Casey,DeSmith,G,2.0,2.0,1.0,1.0,0.0,0.0,1.530612,0.941176,51.0,48.0,3.0,1.0,0.0,0.0,0.0,2.0,7056.0,2.0,,,,,,,,,,
2024,DAL,8479979.0,Jake,Oettinger,G,4.0,4.0,4.0,0.0,0.0,0.0,1.476317,0.953125,128.0,122.0,6.0,1.0,0.0,0.0,0.0,0.0,14631.0,2.0,,,,,,,,,,
2024,DAL,8473994.0,Jamie,Benn,L,6.0,,,,,,,,,,,,1.0,1.0,2.0,4.0,,,-2.0,0.0,0.0,0.0,0.0,5.0,0.2,971.8333,21.1667,0.571429
2024,DAL,8474090.0,Brendan,Smith,D,4.0,,,,,,,,,,,,0.0,0.0,0.0,0.0,,,1.0,0.0,0.0,0.0,0.0,2.0,0.0,761.75,17.75,0.0
2024,DAL,8474149.0,Evgenii,Dadonov,R,6.0,,,,,,,,,,,,0.0,0.0,0.0,2.0,,,-2.0,0.0,0.0,0.0,0.0,14.0,0.0,870.5,19.6667,0.0
2024,DAL,8475168.0,Matt,Duchene,C,6.0,,,,,,,,,,,,3.0,2.0,5.0,2.0,,,3.0,1.0,0.0,1.0,0.0,9.0,0.333333,962.3333,21.8333,0.52381
2024,DAL,8475794.0,Tyler,Seguin,C,3.0,,,,,,,,,,,,2.0,1.0,3.0,0.0,,,3.0,0.0,0.0,1.0,0.0,4.0,0.5,895.3333,21.0,0.44
2024,DAL,8476278.0,Colin,Blackwell,C,6.0,,,,,,,,,,,,1.0,2.0,3.0,2.0,,,2.0,0.0,1.0,0.0,0.0,6.0,0.166667,687.8333,16.6667,0.431818
2024,DAL,8476856.0,Mathew,Dumba,D,2.0,,,,,,,,,,,,0.0,0.0,0.0,4.0,,,2.0,0.0,0.0,0.0,0.0,0.0,0.0,735.0,17.5,0.0
2024,DAL,8476902.0,Esa,Lindell,D,6.0,,,,,,,,,,,,0.0,0.0,0.0,0.0,,,3.0,0.0,0.0,0.0,0.0,7.0,0.0,1353.8333,25.5,0.0
2024,DAL,8478449.0,Roope,Hintz,C,6.0,,,,,,,,,,,,3.0,4.0,7.0,2.0,,,3.0,0.0,0.0,0.0,0.0,13.0,0.230769,1083.3333,22.5,0.481481
2024,DAL,8478975.0,Mason,Marchment,L,6.0,,,,,,,,,,,,2.0,4.0,6.0,8.0,,,5.0,1.0,0.0,1.0,0.0,13.0,0.153846,904.1667,20.5,0.0
2024,DAL,8479351.0,Sam,Steel,C,5.0,,,,,,,,,,,,1.0,1.0,2.0,2.0,,,0.0,0.0,0.0,1.0,0.0,5.0,0.2,808.4,17.6,0.363636
2024,DAL,8480027.0,Jason,Robertson,L,6.0,,,,,,,,,,,,3.0,2.0,5.0,2.0,,,3.0,0.0,0.0,0.0,0.0,15.0,0.2,1077.0,19.6667,0.0
2024,DAL,8480036.0,Miro,Heiskanen,D,6.0,,,,,,,,,,,,0.0,0.0,0.0,0.0,,,3.0,0.0,0.0,0.0,0.0,10.0,0.0,1483.8333,25.6667,0.0
2024,DAL,8480840.0,Oskar,Bäck,C,6.0,,,,,,,,,,,,0.0,1.0,1.0,0.0,,,0.0,0.0,0.0,0.0,0.0,3.0,0.0,597.0,15.1667,0.444444
2024,DAL,8480878.0,Nils,Lundkvist,D,6.0,,,,,,,,,,,,0.0,0.0,0.0,6.0,,,2.0,0.0,0.0,0.0,0.0,6.0,0.0,876.1667,19.8333,0.0
2024,DAL,8480950.0,Ilya,Lyubushkin,D,6.0,,,,,,,,,,,,0.0,0.0,0.0,2.0,,,1.0,0.0,0.0,0.0,0.0,1.0,0.0,1093.0,25.1667,0.0
2024,DAL,8481581.0,Thomas,Harley,D,6.0,,,,,,,,,,,,0.0,2.0,2.0,0.0,,,2.0,0.0,0.0,0.0,0.0,16.0,0.0,1413.8333,27.0,0.0
2024,DAL,8481712.0,Matěj,Blümel,R,1.0,,,,,,,,,,,,0.0,0.0,0.0,0.0,,,0.0,0.0,0.0,0.0,0.0,2.0,0.0,480.0,11.0,0.0
2024,DAL,8482145.0,Mavrik,Bourque,C,3.0,,,,,,,,,,,,0.0,0.0,0.0,0.0,,,-1.0,0.0,0.0,0.0,0.0,1.0,0.0,683.0,15.3333,0.428571
2024,DAL,8482702.0,Logan,Stankoven,C,6.0,,,,,,,,,,,,0.0,7.0,7.0,0.0,,,4.0,0.0,0.0,0.0,0.0,14.0,0.0,920.5,19.3333,0.347826
2024,DAL,8482740.0,Wyatt,Johnston,C,6.0,,,,,,,,,,,,1.0,4.0,5.0,2.0,,,2.0,0.0,0.0,0.0,0.0,10.0,0.1,1176.3333,23.0,0.428571
2024,DET,8475660.0,Cam,Talbot,G,3.0,2.0,1.0,1.0,0.0,0.0,3.310562,0.906667,75.0,68.0,7.0,1.0,0.0,0.0,0.0,0.0,7612.0,2.0,,,,,,,,,,
2024,DET,8478024.0,Ville,Husso,G,1.0,1.0,0.0,1.0,0.0,0.0,9.424084,0.714286,14.0,10.0,4.0,0.0,0.0,0.0,0.0,0.0,1528.0,2.0,,,,,,,,,,
2024,DET,8479312.0,Alex,Lyon,G,3.0,2.0,1.0,1.0,0.0,0.0,2.064457,0.938272,81.0,76.0,5.0,0.0,0.0,0.0,0.0,2.0,8719.0,2.0,,,,,,,,,,
2024,DET,8473507.0,Jeff,Petry,D,2.0,,,,,,,,,,,,0.0,0.0,0.0,0.0,,,0.0,0.0,0.0,0.0,0.0,1.0,0.0,855.5,22.0,0.0
2024,DET,8474141.0,Patrick,Kane,R,5.0,,,,,,,,,,,,0.0,2.0,2.0,0.0,,,-2.0,0.0,0.0,0.0,0.0,11.0,0.0,1061.6,20.0,0.0
2024,DET,8475279.0,Ben,Chiarot,D,5.0,,,,,,,,,,,,0.0,2.0,2.0,8.0,,,-1.0,0.0,0.0,0.0,0.0,6.0,0.0,1268.2,27.4,0.0
2024,DET,8475718.0,Justin,Holl,D,3.0,,,,,,,,,,,,0.0,1.0,1.0,2.0,,,1.0,0.0,0.0,0.0,0.0,1.0,0.0,1070.3333,24.0,0.0
2024,DET,8475765.0,Vladimir,Tarasenko,R,5.0,,,,,,,,,,,,2.0,0.0,2.0,0.0,,,2.0,0.0,0.0,0.0,0.0,13.0,0.153846,830.2,19.4,0.0
2024,DET,8475766.0,Austin,Watson,L,1.0,,,,,,,,,,,,0.0,0.0,0.0,2.0,,,-1.0,0.0,0.0,0.0,0.0,0.0,0.0,294.0,9.0,0.0
2024,DET,8476874.0,Olli,Maatta,D,5.0,,,,,,,,,,,,0.0,0.0,0.0,0.0,,,-1.0,0.0,0.0,0.0,0.0,1.0,0.0,960.0,20.2,0.0
2024,DET,8476979.0,Erik,Gustafsson,D,3.0,,,,,,,,,,,,0.0,2.0,2.0,4.0,,,-2.0,0.0,0.0,0.0,0.0,8.0,0.0,1133.0,22.0,0.0
2024,DET,8477353.0,Tyler,Motte,C,4.0,,,,,,,,,,,,0.0,0.0,0.0,0.0,,,-2.0,0.0,0.0,0.0,0.0,8.0,0.0,676.5,15.5,0.333333
2024,DET,8477429.0,Andrew,Copp,C,5.0,,,,,,,,,,,,3.0,0.0,3.0,2.0,,,0.0,0.0,0.0,1.0,0.0,8.0,0.375,844.2,19.2,0.422535
2024,DET,8477456.0,J.T.,Compher,L,5.0,,,,,,,,,,,,2.0,1.0,3.0,0.0,,,1.0,1.0,0.0,1.0,0.0,12.0,0.166667,1084.4,21.6,0.426829
2024,DET,8477946.0,Dylan,Larkin,C,5.0,,,,,,,,,,,,3.0,1.0,4.0,2.0,,,1.0,1.0,0.0,0.0,0.0,9.0,0.333333,1267.0,23.4,0.516949
2024,DET,8478432.0,Christian,Fischer,R,4.0,,,,,,,,,,,,0.0,1.0,1.0,2.0,,,-1.0,0.0,0.0,0.0,0.0,1.0,0.0,597.25,13.5,0.0
2024,DET,8479337.0,Alex,DeBrincat,R,5.0,,,,,,,,,,,,2.0,2.0,4.0,2.0,,,-3.0,1.0,0.0,0.0,0.0,10.0,0.2,1093.6,22.2,0.0
2024,DET,8479992.0,Michael,Rasmussen,C,5.0,,,,,,,,,,,,0.0,1.0,1.0,0.0,,,2.0,0.0,0.0,0.0,0.0,5.0,0.0,768.4,19.0,0.545455
2024,DET,8480813.0,Joe,Veleno,C,5.0,,,,,,,,,,,,0.0,1.0,1.0,0.0,,,-2.0,0.0,0.0,0.0,0.0,7.0,0.0,722.6,15.6,0.571429
2024,DET,8481013.0,Jonatan,Berggren,R,5.0,,,,,,,,,,,,0.0,1.0,1.0,2.0,,,1.0,0.0,0.0,0.0,0.0,8.0,0.0,761.6,16.4,0.0
2024,DET,8481542.0,Moritz,Seider,D,5.0,,,,,,,,,,,,1.0,2.0,3.0,6.0,,,3.0,0.0,0.0,0.0,0.0,12.0,0.083333,1477.2,27.6,0.0
2024,DET,8481607.0,Albert,Johansson,D,2.0,,,,,,,,,,,,0.0,0.0,0.0,0.0,,,0.0,0.0,0.0,0.0,0.0,1.0,0.0,702.0,19.0,0.0
2024,DET,8482078.0,Lucas,Raymond,L,5.0,,,,,,,,,,,,0.0,4.0,4.0,2.0,,,1.0,0.0,0.0,0.0,0.0,13.0,0.0,1121.6,21.8,0.0
2024,DET,8482762.0,Simon,Edvinsson,D,5.0,,,,,,,,,,,,1.0,1.0,2.0,2.0,,,0.0,0.0,0.0,0.0,0.0,6.0,0.166667,1196.6,24.0,0.0
2024,DET,8483464.0,Marco,Kasper,C,1.0,,,,,,,,,,,,0.0,1.0,1.0,0.0,,,2.0,0.0,0.0,0.0,0.0,0.0,0.0,915.0,21.0,0.307692
2024,EDM,8475717.0,Calvin,Pickard,G,3.0,2.0,1.0,1.0,0.0,0.0,3.28093,0.851852,54.0,46.0,8.0,0.0,0.0,0.0,0.0,0.0,8778.0,2.0,,,,,,,,,,
2024,EDM,8479973.0,Stuart,Skinner,G,4.0,4.0,1.0,3.0,0.0,0.0,4.032,0.851064,94.0,80.0,14.0,0.0,0.0,0.0,0.0,0.0,12500.0,2.0,,,,,,,,,,
2024,EDM,8470621.0,Corey,Perry,R,6.0,,,,,,,,,,,,1.0,0.0,1.0,7.0,,,1.0,0.0,0.0,0.0,0.0,5.0,0.2,647.3333,13.3333,1.0
2024,EDM,8474641.0,Adam,Henrique,C,6.0,,,,,,,,,,,,1.0,0.0,1.0,0.0,,,-3.0,0.0,0.0,0.0,0.0,11.0,0.090909,838.1667,20.0,0.473684
2024,EDM,8475218.0,Mattias,Ekholm,D,6.0,,,,,,,,,,,,0.0,3.0,3.0,0.0,,,-2.0,0.0,0.0,0.0,0.0,18.0,0.0,1363.1667,25.6667,0.0
2024,EDM,8475784.0,Jeff,Skinner,L,6.0,,,,,,,,,,,,2.0,2.0,4.0,0.0,,,-1.0,0.0,0.0,0.0,0.0,21.0,0.095238,847.0,17.6667,0.6
2024,EDM,8475786.0,Zach,Hyman,L,6.0,,,,,,,,,,,,0.0,0.0,0.0,4.0,,,-1.0,0.0,0.0,0.0,0.0,14.0,0.0,1181.5,20.1667,0.0
2024,EDM,8476454.0,Ryan,Nugent-Hopkins,C,6.0,,,,,,,,,,,,0.0,2.0,2.0,0.0,,,-3.0,0.0,0.0,0.0,0.0,9.0,0.0,1146.0,20.5,0.636364
2024,EDM,8476967.0,Brett,Kulak,D,6.0,,,,,,,,,,,,2.0,1.0,3.0,2.0,,,0.0,0.0,0.0,0.0,0.0,10.0,0.2,976.1667,21.6667,0.0
2024,EDM,8477015.0,Connor,Brown,R,6.0,,,,,,,,,,,,1.0,0.0,1.0,0.0,,,-3.0,0.0,0.0,0.0,0.0,10.0,0.1,786.1667,16.8333,1.0
2024,EDM,8477406.0,Mattias,Janmark,C,6.0,,,,,,,,,,,,0.0,2.0,2.0,2.0,,,0.0,0.0,0.0,0.0,0.0,5.0,0.0,715.0,15.5,0.5
2024,EDM,8477498.0,Darnell,Nurse,D,6.0,,,,,,,,,,,,0.0,2.0,2.0,5.0,,,-2.0,0.0,0.0,0.0,0.0,13.0,0.0,1243.8333,25.0,0.0
2024,EDM,8477934.0,Leon,Draisaitl,C,6.0,,,,,,,,,,,,3.0,2.0,5.0,8.0,,,0.0,1.0,0.0,1.0,1.0,13.0,0.230769,1259.8333,21.0,0.650485
2024,EDM,8478042.0,Viktor,Arvidsson,L,6.0,,,,,,,,,,,,0.0,0.0,0.0,2.0,,,1.0,0.0,0.0,0.0,0.0,9.0,0.0,870.6667,18.8333,0.25
2024,EDM,8478402.0,Connor,McDavid,C,6.0,,,,,,,,,,,,1.0,5.0,6.0,2.0,,,-1.0,0.0,0.0,1.0,0.0,16.0,0.0625,1326.6667,21.0,0.534247
2024,EDM,8478408.0,Travis,Dermott,D,3.0,,,,,,,,,,,,0.0,0.0,0.0,0.0,,,-3.0,0.0,0.0,0.0,0.0,3.0,0.0,1019.3333,21.6667,0.0
2024,EDM,8478585.0,Derek,Ryan,C,6.0,,,,,,,,,,,,0.0,0.0,0.0,4.0,,,0.0,0.0,0.0,0.0,0.0,6.0,0.0,564.6667,13.8333,0.585366
2024,EDM,8479442.0,Troy,Stecher,D,4.0,,,,,,,,,,,,0.0,0.0,0.0,7.0,,,-1.0,0.0,0.0,0.0,0.0,2.0,0.0,985.0,19.75,0.0
2024,EDM,8480803.0,Evan,Bouchard,D,6.0,,,,,,,,,,,,1.0,0.0,1.0,2.0,,,0.0,0.0,0.0,0.0,0.0,15.0,0.066667,1476.6667,23.1667,0.0
2024,EDM,8480834.0,Ty,Emberson,D,5.0,,,,,,,,,,,,0.0,0.0,0.0,2.0,,,-3.0,0.0,0.0,0.0,0.0,8.0,0.0,914.0,19.4,0.0
2024,EDM,8481617.0,Vasily,Podkolzin,R,6.0,,,,,,,,,,,,0.0,0.0,0.0,4.0,,,-2.0,0.0,0.0,0.0,0.0,4.0,0.0,634.1667,13.8333,0.0
2024,FLA,8475683.0,Sergei,Bobrovsky,G,5.0,5.0,3.0,1.0,0.0,1.0,2.946955,0.895833,144.0,129.0,15.0,0.0,0.0,0.0,0.0,0.0,18324.0,2.0,,,,,,,,,,
2024,FLA,8481519.0,Spencer,Knight,G,2.0,2.0,1.0,1.0,0.0,0.0,3.554803,0.890625,64.0,57.0,7.0,0.0,0.0,0.0,0.0,0.0,7089.0,2.0,,,,,,,,,,
2024,FLA,8475179.0,Dmitry,Kulikov,D,7.0,,,,,,,,,,,,1.0,0.0,1.0,2.0,,,-1.0,0.0,0.0,0.0,0.0,4.0,0.25,1168.4286,27.8571,0.0
2024,FLA,8477220.0,Nate,Schmidt,D,6.0,,,,,,,,,,,,1.0,1.0,2.0,2.0,,,-3.0,0.0,0.0,0.0,0.0,6.0,0.166667,813.0,18.8333,0.0
2024,FLA,8477409.0,Carter,Verhaeghe,C,7.0,,,,,,,,,,,,0.0,3.0,3.0,6.0,,,-7.0,0.0,0.0,0.0,0.0,23.0,0.0,1223.0,24.2857,0.25
2024,FLA,8477493.0,Aleksander,Barkov,C,2.0,,,,,,,,,,,,0.0,1.0,1.0,0.0,,,-1.0,0.0,0.0,0.0,0.0,2.0,0.0,1180.0,25.0,0.633333
2024,FLA,8477932.0,Aaron,Ekblad,D,7.0,,,,,,,,,,,,0.0,3.0,3.0,6.0,,,4.0,0.0,0.0,0.0,0.0,9.0,0.0,1427.1429,29.0,0.0
2024,FLA,8477933.0,Sam,Reinhart,C,7.0,,,,,,,,,,,,5.0,7.0,12.0,0.0,,,5.0,1.0,2.0,0.0,0.0,19.0,0.263158,1250.4286,26.0,0.395833
2024,FLA,8477935.0,Sam,Bennett,C,7.0,,,,,,,,,,,,4.0,3.0,7.0,4.0,,,-2.0,2.0,0.0,0.0,0.0,26.0,0.153846,1139.5714,24.5714,0.468085
2024,FLA,8478055.0,Gustav,Forsling,D,7.0,,,,,,,,,,,,2.0,2.0,4.0,4.0,,,9.0,0.0,0.0,1.0,1.0,14.0,0.142857,1424.7143,29.2857,0.0
2024,FLA,8478421.0,A.J.,Greer,L,7.0,,,,,,,,,,,,0.0,2.0,2.0,18.0,,,0.0,0.0,0.0,0.0,0.0,14.0,0.0,809.4286,19.1429,0.272727
2024,FLA,8478542.0,Evan,Rodrigues,C,7.0,,,,,,,,,,,,1.0,2.0,3.0,2.0,,,-7.0,0.0,0.0,0.0,0.0,19.0,0.052632,1093.8571,23.5714,0.405405
2024,FLA,8478859.0,Niko,Mikkola,D,7.0,,,,,,,,,,,,0.0,2.0,2.0,6.0,,,-3.0,0.0,0.0,0.0,0.0,10.0,0.0,1239.2857,28.2857,0.0
2024,FLA,8479314.0,Matthew,Tkachuk,L,2.0,,,,,,,,,,,,0.0,2.0,2.0,2.0,,,2.0,0.0,0.0,0.0,0.0,7.0,0.0,1024.5,22.5,0.0
2024,FLA,8479981.0,Jonah,Gadjovich,L,6.0,,,,,,,,,,,,1.0,0.0,1.0,0.0,,,-2.0,0.0,0.0,1.0,0.0,3.0,0.333333,444.8333,11.1667,0.0
2024,FLA,8480003.0,Jesper,Boqvist,C,7.0,,,,,,,,,,,,1.0,2.0,3.0,0.0,,,0.0,0.0,0.0,0.0,0.0,2.0,0.5,826.0,20.5714,0.41791
2024,FLA,8480185.0,Eetu,Luostarinen,C,7.0,,,,,,,,,,,,3.0,0.0,3.0,0.0,,,2.0,0.0,0.0,1.0,0.0,11.0,0.272727,1080.5714,25.2857,0.5
2024,FLA,8480825.0,Patrick,Giles,R,5.0,,,,,,,,,,,,0.0,0.0,0.0,0.0,,,-2.0,0.0,0.0,0.0,0.0,2.0,0.0,418.2,9.8,0.346154
2024,FLA,8480871.0,Adam,Boqvist,D,6.0,,,,,,,,,,,,0.0,1.0,1.0,2.0,,,-6.0,0.0,0.0,0.0,0.0,7.0,0.0,676.0,15.3333,0.0
2024,FLA,8482113.0,Anton,Lundell,C,7.0,,,,,,,,,,,,4.0,4.0,8.0,2.0,,,0.0,1.0,0.0,1.0,0.0,23.0,0.173913,1163.7143,26.2857,0.560748
2024,FLA,8482713.0,Mackie,Samoskevich,R,7.0,,,,,,,,,,,,0.0,1.0,1.0,0.0,,,-5.0,0.0,0.0,0.0,0.0,11.0,0.0,757.8571,18.0,0.0
2024,FLA,8484304.0,Uvis,Balinskis,D,7.0,,,,,,,,,,,,0.0,1.0,1.0,7.0,,,-3.0,0.0,0.0,0.0,0.0,5.0,0.0,687.1429,16.4286,0.0
2024,LAK,8475311.0,Darcy,Kuemper,G,3.0,3.0,1.0,0.0,0.0,2.0,3.594119,0.89,100.0,89.0,11.0,0.0,0.0,0.0,0.0,0.0,11018.0,2.0,,,,,,,,,,
2024,LAK,8477831.0,Pheonix,Copley,G,1.0,0.0,0.0,0.0,0.0,0.0,4.366283,0.833333,12.0,10.0,2.0,0.0,0.0,0.0,0.0,0.0,1649.0,2.0,,,,,,,,,,
2024,LAK,8479496.0,David,Rittich,G,3.0,3.0,2.0,1.0,0.0,0.0,2.362722,0.892857,56.0,50.0,6.0,0.0,0.0,0.0,0.0,0.0,9142.0,2.0,,,,,,,,,,
2024,LAK,8471685.0,Anze,Kopitar,C,6.0,,,,,,,,,,,,3.0,5.0,8.0,0.0,,,4.0,1.0,0.0,1.0,0.0,8.0,0.375,1146.5,22.3333,0.482456
2024,LAK,8473453.0,Trevor,Lewis,C,6.0,,,,,,,,,,,,1.0,1.0,2.0,4.0,,,-1.0,0.0,0.0,0.0,0.0,4.0,0.25,613.3333,15.1667,0.428571
2024,LAK,8476441.0,Joel,Edmundson,D,4.0,,,,,,,,,,,,0.0,1.0,1.0,2.0,,,3.0,0.0,0.0,0.0,0.0,6.0,0.0,1254.75,28.75,0.0
2024,LAK,8476479.0,Phillip,Danault,C,6.0,,,,,,,,,,,,0.0,2.0,2.0,0.0,,,1.0,0.0,0.0,0.0,0.0,10.0,0.0,1068.6667,23.5,0.513514
2024,LAK,8477335.0,Kyle,Burroughs,D,4.0,,,,,,,,,,,,0.0,1.0,1.0,9.0,,,2.0,0.0,0.0,0.0,0.0,1.0,0.0,887.75,21.0,0.0
2024,LAK,8477942.0,Kevin,Fiala,L,6.0,,,,,,,,,,,,4.0,1.0,5.0,6.0,,,-2.0,2.0,0.0,0.0,0.0,24.0,0.166667,1030.8333,21.1667,0.5
2024,LAK,8477960.0,Adrian,Kempe,R,6.0,,,,,,,,,,,,3.0,3.0,6.0,2.0,,,4.0,1.0,1.0,0.0,0.0,15.0,0.2,1107.1667,23.1667,0.666667
2024,LAK,8477971.0,Andreas,Englund,D,3.0,,,,,,,,,,,,1.0,0.0,1.0,2.0,,,1.0,0.0,0.0,0.0,0.0,2.0,0.5,850.0,19.0,0.0
2024,LAK,8477998.0,Warren,Foegele,L,6.0,,,,,,,,,,,,0.0,0.0,0.0,2.0,,,2.0,0.0,0.0,0.0,0.0,14.0,0.0,876.5,20.3333,0.2
2024,LAK,8478452.0,Caleb,Jones,D,2.0,,,,,,,,,,,,0.0,0.0,0.0,2.0,,,-1.0,0.0,0.0,0.0,0.0,4.0,0.0,971.5,23.0,0.0
2024,LAK,8478882.0,Vladislav,Gavrikov,D,6.0,,,,,,,,,,,,0.0,3.0,3.0,0.0,,,4.0,0.0,0.0,0.0,0.0,11.0,0.0,1458.3333,26.8333,0.0
2024,LAK,8479661.0,Tanner,Jeannot,L,6.0,,,,,,,,,,,,1.0,0.0,1.0,7.0,,,1.0,0.0,0.0,0.0,0.0,5.0,0.2,682.3333,14.0,0.0
2024,LAK,8479675.0,Trevor,Moore,L,6.0,,,,,,,,,,,,1.0,0.0,1.0,2.0,,,-1.0,0.0,0.0,0.0,0.0,19.0,0.052632,1038.8333,23.1667,0.0
2024,LAK,8479998.0,Mikey,Anderson,D,6.0,,,,,,,,,,,,2.0,2.0,4.0,6.0,,,1.0,0.0,0.0,0.0,0.0,8.0,0.25,1307.0,25.1667,0.0
2024,LAK,8481532.0,Alex,Turcotte,C,6.0,,,,,,,,,,,,1.0,3.0,4.0,0.0,,,4.0,0.0,0.0,0.0,0.0,5.0,0.2,640.1667,14.3333,0.486486
2024,LAK,8481606.0,Jordan,Spence,D,5.0,,,,,,,,,,,,0.0,2.0,2.0,4.0,,,-1.0,0.0,0.0,0.0,0.0,3.0,0.0,1116.4,22.4,0.0
2024,LAK,8481732.0,Andre,Lee,L,6.0,,,,,,,,,,,,0.0,1.0,1.0,2.0,,,-1.0,0.0,0.0,0.0,0.0,6.0,0.0,511.8333,12.3333,0.0
2024,LAK,8482124.0,Quinton,Byfield,R,6.0,,,,,,,,,,,,0.0,3.0,3.0,2.0,,,-3.0,0.0,0.0,0.0,0.0,15.0,0.0,1063.0,23.5,0.488889
2024,LAK,8482155.0,Alex,Laferriere,R,6.0,,,,,,,,,,,,4.0,1.0,5.0,2.0,,,5.0,0.0,0.0,2.0,0.0,16.0,0.25,932.0,18.6667,0.5
2024,LAK,8482730.0,Brandt,Clarke,D,6.0,,,,,,,,,,,,0.0,4.0,4.0,12.0,,,2.0,0.0,0.0,0.0,0.0,10.0,0.0,1031.6667,21.1667,0.0
2024,MIN,8470594.0,Marc-Andre,Fleury,G,1.0,1.0,0.0,0.0,0.0,1.0,3.717088,0.882353,34.0,30.0,4.0,0.0,0.0,0.0,0.0,0.0,3874.0,2.0,,,,,,,,,,
2024,MIN,8479406.0,Filip,Gustavsson,G,4.0,4.0,3.0,0.0,0.0,1.0,1.494706,0.95,120.0,114.0,6.0,0.0,1.0,0.0,1.0,0.0,14451.0,2.0,,,,,,,,,,
2024,MIN,8474567.0,Zach,Bogosian,D,5.0,,,,,,,,,,,,0.0,0.0,0.0,4.0,,,1.0,0.0,0.0,0.0,0.0,7.0,0.0,987.6,20.0,0.0
2024,MIN,8474716.0,Jared,Spurgeon,D,2.0,,,,,,,,,,,,0.0,1.0,1.0,0.0,,,-1.0,0.0,0.0,0.0,0.0,2.0,0.0,1174.5,26.0,0.0
2024,MIN,8475149.0,Marcus,Johansson,L,4.0,,,,,,,,,,,,0.0,2.0,2.0,0.0,,,0.0,0.0,0.0,0.0,0.0,6.0,0.0,879.0,17.25,0.0
2024,MIN,8475220.0,Marcus,Foligno,L,5.0,,,,,,,,,,,,0.0,1.0,1.0,2.0,,,-1.0,0.0,0.0,0.0,0.0,0.0,0.0,783.6,16.6,0.0
2024,MIN,8475692.0,Mats,Zuccarello,R,5.0,,,,,,,,,,,,3.0,2.0,5.0,0.0,,,4.0,1.0,0.0,1.0,0.0,12.0,0.25,1128.8,18.0,0.714286
2024,MIN,8475750.0,Jon,Merrill,D,5.0,,,,,,,,,,,,0.0,1.0,1.0,0.0,,,1.0,0.0,0.0,0.0,0.0,3.0,0.0,786.0,16.2,0.0
2024,MIN,8476463.0,Jonas,Brodin,D,5.0,,,,,,,,,,,,0.0,2.0,2.0,2.0,,,1.0,0.0,0.0,0.0,0.0,10.0,0.0,1375.6,25.2,0.0
2024,MIN,8477451.0,Ryan,Hartman,R,4.0,,,,,,,,,,,,2.0,0.0,2.0,0.0,,,-3.0,1.0,0.0,0.0,0.0,12.0,0.166667,921.25,17.75,0.4
2024,MIN,8477919.0,Frederick,Gaudreau,C,5.0,,,,,,,,,,,,0.0,0.0,0.0,2.0,,,-1.0,0.0,0.0,0.0,0.0,6.0,0.0,801.2,15.8,0.5
2024,MIN,8478136.0,Jake,Middleton,D,5.0,,,,,,,,,,,,1.0,0.0,1.0,4.0,,,0.0,0.0,0.0,0.0,0.0,7.0,0.142857,1198.8,24.8,0.0
2024,MIN,8478493.0,Joel,Eriksson Ek,C,3.0,,,,,,,,,,,,1.0,0.0,1.0,0.0,,,1.0,0.0,0.0,0.0,0.0,9.0,0.111111,1034.6667,18.0,0.541667
2024,MIN,8478508.0,Yakov,Trenin,C,5.0,,,,,,,,,,,,0.0,1.0,1.0,8.0,,,0.0,0.0,0.0,0.0,0.0,4.0,0.0,780.0,16.0,0.0
2024,MIN,8478864.0,Kirill,Kaprizov,L,5.0,,,,,,,,,,,,2.0,6.0,8.0,0.0,,,4.0,1.0,0.0,1.0,0.0,17.0,0.117647,1355.4,21.2,0.0
2024,MIN,8480880.0,Jakub,Lauko,C,5.0,,,,,,,,,,,,1.0,0.0,1.0,0.0,,,-1.0,0.0,1.0,1.0,0.0,10.0,0.1,640.4,13.4,0.333333
2024,MIN,8480990.0,Declan,Chisholm,D,3.0,,,,,,,,,,,,0.0,0.0,0.0,0.0,,,1.0,0.0,0.0,0.0,0.0,3.0,0.0,923.6667,17.3333,0.0
2024,MIN,8481557.0,Matt,Boldy,L,5.0,,,,,,,,,,,,2.0,4.0,6.0,0.0,,,1.0,1.0,0.0,0.0,0.0,14.0,0.142857,1188.2,19.4,0.588235
2024,MIN,8482079.0,Marco,Rossi,C,5.0,,,,,,,,,,,,2.0,3.0,5.0,0.0,,,5.0,0.0,0.0,0.0,0.0,12.0,0.166667,998.0,18.4,0.526316
2024,MIN,8482094.0,Daemon,Hunt,D,1.0,,,,,,,,,,,,0.0,0.0,0.0,0.0,,,0.0,0.0,0.0,0.0,0.0,2.0,0.0,481.0,8.0,0.0
2024,MIN,8482122.0,Brock,Faber,D,5.0,,,,,,,,,,,,0.0,3.0,3.0,0.0,,,3.0,0.0,0.0,0.0,0.0,7.0,0.0,1565.8,26.8,0.0
2024,MIN,8482177.0,Marat,Khusnutdinov,C,5.0,,,,,,,,,,,,0.0,1.0,1.0,0.0,,,0.0,0.0,0.0,0.0,0.0,2.0,0.0,794.4,16.2,0.436364
2024,MIN,8483499.0,Liam,Ohgren,L,3.0,,,,,,,,,,,,0.0,0.0,0.0,0.0,,,-1.0,0.0,0.0,0.0,0.0,7.0,0.0,697.3333,14.0,0.0
2024,MTL,8478470.0,Sam,Montembeault,G,4.0,4.0,2.0,2.0,0.0,0.0,2.29413,0.932331,133.0,124.0,9.0,1.0,0.0,0.0,0.0,0.0,14123.0,2.0,,,,,,,,,,
2024,MTL,8480051.0,Cayden,Primeau,G,2.0,2.0,0.0,1.0,0.0,1.0,4.419588,0.861538,65.0,56.0,9.0,0.0,0.0,0.0,0.0,2.0,7331.0,2.0,,,,,,,,,,
2024,MTL,8475233.0,David,Savard,D,6.0,,,,,,,,,,,,0.0,0.0,0.0,0.0,,,-7.0,0.0,0.0,0.0,0.0,3.0,0.0,1051.3333,20.3333,0.0
2024,MTL,8475848.0,Brendan,Gallagher,R,6.0,,,,,,,,,,,,2.0,0.0,2.0,0.0,,,-1.0,1.0,0.0,0.0,0.0,17.0,0.117647,858.3333,18.1667,0.0
2024,MTL,8476469.0,Joel,Armia,R,6.0,,,,,,,,,,,,0.0,2.0,2.0,6.0,,,-5.0,0.0,0.0,0.0,0.0,13.0,0.0,894.1667,19.3333,0.0
2024,MTL,8476875.0,Mike,Matheson,D,6.0,,,,,,,,,,,,0.0,4.0,4.0,2.0,,,-2.0,0.0,0.0,0.0,0.0,7.0,0.0,1389.8333,24.5,0.0
2024,MTL,8476981.0,Josh,Anderson,R,6.0,,,,,,,,,,,,1.0,1.0,2.0,6.0,,,1.0,0.0,0.0,0.0,0.0,10.0,0.1,847.1667,19.0,0.666667
2024,MTL,8477989.0,Christian,Dvorak,C,6.0,,,,,,,,,,,,0.0,1.0,1.0,0.0,,,-2.0,0.0,0.0,0.0,0.0,6.0,0.0,787.6667,18.3333,0.431818
2024,MTL,8478133.0,Jake,Evans,C,6.0,,,,,,,,,,,,0.0,2.0,2.0,0.0,,,-1.0,0.0,0.0,0.0,0.0,6.0,0.0,936.5,19.5,0.506173
2024,MTL,8479718.0,Alex,Barré-Boulet,C,2.0,,,,,,,,,,,,0.0,0.0,0.0,2.0,,,-2.0,0.0,0.0,0.0,0.0,0.0,0.0,609.5,14.5,0.0
2024,MTL,8480018.0,Nick,Suzuki,C,6.0,,,,,,,,,,,,0.0,5.0,5.0,0.0,,,-2.0,0.0,0.0,0.0,0.0,13.0,0.0,1212.3333,21.6667,0.541284
2024,MTL,8481523.0,Kirby,Dach,C,6.0,,,,,,,,,,,,0.0,1.0,1.0,6.0,,,-8.0,0.0,0.0,0.0,0.0,12.0,0.0,949.1667,18.0,0.375
2024,MTL,8481540.0,Cole,Caufield,R,6.0,,,,,,,,,,,,6.0,1.0,7.0,2.0,,,0.0,2.0,0.0,2.0,0.0,20.0,0.3,1120.0,20.6667,1.0
2024,MTL,8481593.0,Jayden,Struble,D,1.0,,,,,,,,,,,,0.0,0.0,0.0,0.0,,,-1.0,0.0,0.0,0.0,0.0,0.0,0.0,873.0,20.0,0.0
2024,MTL,8481618.0,Alex,Newhook,C,6.0,,,,,,,,,,,,1.0,0.0,1.0,0.0,,,-7.0,0.0,0.0,0.0,0.0,6.0,0.166667,834.5,17.6667,0.310345
2024,MTL,8482087.0,Kaiden,Guhle,D,5.0,,,,,,,,,,,,1.0,3.0,4.0,2.0,,,4.0,0.0,0.0,0.0,0.0,4.0,0.25,1305.0,25.2,0.0
2024,MTL,8482111.0,Justin,Barron,D,6.0,,,,,,,,,,,,1.0,0.0,1.0,6.0,,,-3.0,0.0,0.0,0.0,0.0,8.0,0.125,1027.8333,21.0,0.0
2024,MTL,8482476.0,Emil,Heineman,L,5.0,,,,,,,,,,,,2.0,0.0,2.0,4.0,,,1.0,1.0,0.0,0.0,0.0,8.0,0.25,616.8,14.4,0.0
2024,MTL,8482733.0,Logan,Mailloux,D,1.0,,,,,,,,,,,,1.0,0.0,1.0,2.0,,,1.0,0.0,0.0,0.0,0.0,1.0,1.0,1143.0,18.0,0.0
2024,MTL,8482775.0,Oliver,Kapanen,C,5.0,,,,,,,,,,,,0.0,1.0,1.0,0.0,,,1.0,0.0,0.0,0.0,0.0,6.0,0.0,712.6,15.2,0.47619
2024,MTL,8482964.0,Arber,Xhekaj,D,5.0,,,,,,,,,,,,0.0,0.0,0.0,2.0,,,-4.0,0.0,0.0,0.0,0.0,5.0,0.0,812.6,16.6,0.0
2024,MTL,8483457.0,Lane,Hutson,D,6.0,,,,,,,,,,,,0.0,4.0,4.0,6.0,,,-1.0,0.0,0.0,0.0,0.0,4.0,0.0,1387.5,22.6667,0.0
2024,MTL,8483515.0,Juraj,Slafkovsky,L,6.0,,,,,,,,,,,,1.0,5.0,6.0,0.0,,,1.0,1.0,0.0,0.0,0.0,7.0,0.142857,1093.6667,19.5,0.0
2024,NJD,8474593.0,Jacob,Markstrom,G,6.0,6.0,3.0,2.0,0.0,1.0,2.99404,0.901639,183.0,165.0,18.0,0.0,0.0,0.0,0.0,0.0,21643.0,2.0,,,,,,,,,,
2024,NJD,8474596.0,Jake,Allen,G,2.0,2.0,2.0,0.0,0.0,0.0,0.5,0.973684,38.0,37.0,1.0,1.0,0.0,0.0,0.0,0.0,7200.0,2.0,,,,,,,,,,
2024,NJD,8475193.0,Tomas,Tatar,L,8.0,,,,,,,,,,,,1.0,2.0,3.0,2.0,,,3.0,0.0,0.0,0.0,0.0,13.0,0.076923,757.875,19.5,0.0
2024,NJD,8475287.0,Erik,Haula,L,8.0,,,,,,,,,,,,2.0,4.0,6.0,4.0,,,2.0,0.0,0.0,0.0,0.0,11.0,0.181818,876.125,21.625,0.574713
2024,NJD,8475455.0,Brenden,Dillon,D,8.0,,,,,,,,,,,,0.0,2.0,2.0,11.0,,,3.0,0.0,0.0,0.0,0.0,4.0,0.0,1220.75,28.875,0.0
2024,NJD,8476292.0,Ondrej,Palat,L,7.0,,,,,,,,,,,,0.0,0.0,0.0,0.0,,,-6.0,0.0,0.0,0.0,0.0,7.0,0.0,715.0,17.5714,0.0
2024,NJD,8476462.0,Dougie,Hamilton,D,8.0,,,,,,,,,,,,1.0,1.0,2.0,2.0,,,-1.0,1.0,0.0,0.0,0.0,28.0,0.035714,1376.875,27.75,0.0
2024,NJD,8476474.0,Stefan,Noesen,R,8.0,,,,,,,,,,,,2.0,6.0,8.0,5.0,,,2.0,0.0,0.0,0.0,0.0,11.0,0.181818,813.25,19.25,0.6
2024,NJD,8477073.0,Kurtis,MacDermid,L,1.0,,,,,,,,,,,,0.0,0.0,0.0,0.0,,,0.0,0.0,0.0,0.0,0.0,0.0,0.0,219.0,5.0,0.0
2024,NJD,8477508.0,Curtis,Lazar,C,8.0,,,,,,,,,,,,0.0,0.0,0.0,4.0,,,-2.0,0.0,0.0,0.0,0.0,5.0,0.0,679.375,18.125,0.459016
2024,NJD,8478399.0,Jonas,Siegenthaler,D,8.0,,,,,,,,,,,,0.0,1.0,1.0,4.0,,,2.0,0.0,0.0,0.0,0.0,7.0,0.0,1318.0,29.125,0.0
2024,NJD,8478414.0,Timo,Meier,R,8.0,,,,,,,,,,,,2.0,5.0,7.0,2.0,,,4.0,0.0,0.0,0.0,0.0,28.0,0.071429,1058.875,20.125,0.25
2024,NJD,8479407.0,Jesper,Bratt,L,8.0,,,,,,,,,,,,1.0,6.0,7.0,2.0,,,-3.0,1.0,0.0,0.0,0.0,23.0,0.043478,1116.625,22.375,0.0
2024,NJD,8479414.0,Nathan,Bastian,R,8.0,,,,,,,,,,,,1.0,2.0,3.0,4.0,,,-1.0,0.0,1.0,1.0,0.0,9.0,0.111111,645.625,17.25,0.0
2024,NJD,8480002.0,Nico,Hischier,C,8.0,,,,,,,,,,,,5.0,3.0,8.0,0.0,,,3.0,2.0,0.0,0.0,0.0,26.0,0.192308,1211.25,24.875,0.586735
2024,NJD,8480192.0,Johnathan,Kovacevic,D,8.0,,,,,,,,,,,,1.0,4.0,5.0,4.0,,,2.0,0.0,0.0,1.0,0.0,7.0,0.142857,1287.0,27.75,0.0
2024,NJD,8481032.0,Paul,Cotter,C,8.0,,,,,,,,,,,,5.0,1.0,6.0,4.0,,,2.0,0.0,0.0,2.0,0.0,15.0,0.333333,791.25,17.875,0.285714
2024,NJD,8481559.0,Jack,Hughes,C,8.0,,,,,,,,,,,,1.0,4.0,5.0,0.0,,,-1.0,0.0,0.0,0.0,0.0,22.0,0.045455,1222.875,21.875,0.270833
2024,NJD,8482110.0,Dawson,Mercer,C,8.0,,,,,,,,,,,,2.0,1.0,3.0,2.0,,,4.0,0.0,0.0,0.0,0.0,10.0,0.2,1090.25,24.0,0.5
2024,NJD,8483429.0,Seamus,Casey,D,8.0,,,,,,,,,,,,3.0,1.0,4.0,0.0,,,2.0,2.0,0.0,1.0,0.0,6.0,0.5,717.75,16.25,0.0
2024,NJD,8483495.0,Simon,Nemec,D,8.0,,,,,,,,,,,,0.0,0.0,0.0,4.0,,,0.0,0.0,0.0,0.0,0.0,7.0,0.0,964.625,20.625,0.0
2024,NSH,8475809.0,Scott,Wedgewood,G,1.0,1.0,0.0,1.0,0.0,0.0,4.205607,0.8,20.0,16.0,4.0,0.0,0.0,0.0,0.0,0.0,3424.0,2.0,,,,,,,,,,
2024,NSH,8477424.0,Juuse,Saros,G,4.0,4.0,0.0,4.0,0.0,0.0,3.637676,0.875,112.0,98.0,14.0,0.0,0.0,1.0,1.0,0.0,13855.0,2.0,,,,,,,,,,
2024,NSH,8474564.0,Steven,Stamkos,C,5.0,,,,,,,,,,,,1.0,0.0,1.0,4.0,,,-6.0,1.0,0.0,0.0,0.0,20.0,0.05,1176.0,21.8,0.489796
2024,NSH,8474568.0,Luke,Schenn,D,5.0,,,,,,,,,,,,1.0,0.0,1.0,2.0,,,-2.0,0.0,0.0,0.0,0.0,3.0,0.333333,828.4,21.4,0.0
2024,NSH,8474600.0,Roman,Josi,D,5.0,,,,,,,,,,,,0.0,3.0,3.0,0.0,,,-5.0,0.0,0.0,0.0,0.0,21.0,0.0,1630.8,29.4,0.0
2024,NSH,8474679.0,Gustav,Nyquist,C,5.0,,,,,,,,,,,,0.0,1.0,1.0,0.0,,,-4.0,0.0,0.0,0.0,0.0,7.0,0.0,1093.0,22.2,0.666667
2024,NSH,8475158.0,Ryan,O'Reilly,C,5.0,,,,,,,,,,,,1.0,3.0,4.0,0.0,,,-4.0,0.0,0.0,0.0,0.0,10.0,0.1,1303.8,23.2,0.54386
2024,NSH,8476539.0,Jonathan,Marchessault,R,5.0,,,,,,,,,,,,1.0,3.0,4.0,4.0,,,-4.0,1.0,0.0,0.0,0.0,17.0,0.058824,1132.2,21.0,0.666667
2024,NSH,8476869.0,Brady,Skjei,D,5.0,,,,,,,,,,,,1.0,0.0,1.0,2.0,,,-6.0,0.0,0.0,0.0,0.0,17.0,0.058824,1279.6,27.6,0.0
2024,NSH,8476873.0,Mark,Jankowski,C,5.0,,,,,,,,,,,,0.0,1.0,1.0,0.0,,,-1.0,0.0,0.0,0.0,0.0,7.0,0.0,772.4,18.2,0.625
2024,NSH,8476887.0,Filip,Forsberg,L,5.0,,,,,,,,,,,,2.0,3.0,5.0,4.0,,,-3.0,1.0,0.0,0.0,0.0,23.0,0.086957,1225.6,22.6,0.0
2024,NSH,8476925.0,Colton,Sissons,C,5.0,,,,,,,,,,,,0.0,0.0,0.0,0.0,,,-8.0,0.0,0.0,0.0,0.0,3.0,0.0,864.0,22.0,0.616667
2024,NSH,8477446.0,Michael,McCarron,R,5.0,,,,,,,,,,,,1.0,0.0,1.0,5.0,,,-8.0,0.0,0.0,0.0,0.0,4.0,0.25,641.2,16.2,0.690476
2024,NSH,8478438.0,Tommy,Novak,C,5.0,,,,,,,,,,,,2.0,0.0,2.0,0.0,,,-1.0,0.0,0.0,0.0,0.0,10.0,0.2,793.0,18.0,0.346154
2024,NSH,8478468.0,Jeremy,Lauzon,D,5.0,,,,,,,,,,,,0.0,0.0,0.0,6.0,,,-5.0,0.0,0.0,0.0,0.0,5.0,0.0,1054.4,25.2,0.0
2024,NSH,8478851.0,Alexandre,Carrier,D,5.0,,,,,,,,,,,,0.0,1.0,1.0,2.0,,,-5.0,0.0,0.0,0.0,0.0,3.0,0.0,1149.6,25.0,0.0
2024,NSH,8479371.0,Dante,Fabbro,D,4.0,,,,,,,,,,,,0.0,0.0,0.0,0.0,,,-1.0,0.0,0.0,0.0,0.0,6.0,0.0,808.75,19.25,0.0
2024,NSH,8481577.0,Philip,Tomasino,C,4.0,,,,,,,,,,,,0.0,0.0,0.0,0.0,,,-2.0,0.0,0.0,0.0,0.0,5.0,0.0,566.5,12.5,0.0
2024,NSH,8481704.0,Juuso,Parssinen,C,1.0,,,,,,,,,,,,0.0,1.0,1.0,0.0,,,-3.0,0.0,0.0,0.0,0.0,0.0,0.0,354.0,11.0,0.0
2024,NSH,8481743.0,Marc,Del Gaizo,D,1.0,,,,,,,,,,,,0.0,0.0,0.0,2.0,,,0.0,0.0,0.0,0.0,0.0,3.0,0.0,962.0,26.0,0.0
2024,NSH,8482062.0,Cole,Smith,L,5.0,,,,,,,,,,,,0.0,0.0,0.0,4.0,,,-7.0,0.0,0.0,0.0,0.0,4.0,0.0,660.8,16.6,1.0
2024,NSH,8482146.0,Luke,Evangelista,R,5.0,,,,,,,,,,,,0.0,2.0,2.0,2.0,,,0.0,0.0,0.0,0.0,0.0,9.0,0.0,786.4,17.2,0.0
2024,NYI,8473575.0,Semyon,Varlamov,G,3.0,3.0,1.0,1.0,0.0,1.0,3.267677,0.868421,76.0,66.0,10.0,0.0,0.0,0.0,0.0,0.0,11017.0,2.0,,,,,,,,,,
2024,NYI,8478009.0,Ilya,Sorokin,G,2.0,2.0,1.0,0.0,0.0,1.0,1.476217,0.953125,64.0,61.0,3.0,0.0,0.0,0.0,0.0,0.0,7316.0,2.0,,,,,,,,,,
2024,NYI,8475151.0,Kyle,Palmieri,C,5.0,,,,,,,,,,,,2.0,1.0,3.0,2.0,,,1.0,0.0,0.0,0.0,0.0,17.0,0.117647,1074.4,22.0,0.5
2024,NYI,8475231.0,Casey,Cizikas,C,5.0,,,,,,,,,,,,0.0,0.0,0.0,0.0,,,-1.0,0.0,0.0,0.0,0.0,4.0,0.0,626.8,16.6,0.625
2024,NYI,8475314.0,Anders,Lee,L,5.0,,,,,,,,,,,,2.0,0.0,2.0,0.0,,,0.0,0.0,0.0,0.0,0.0,22.0,0.090909,921.4,20.2,0.0
2024,NYI,8475754.0,Brock,Nelson,C,5.0,,,,,,,,,,,,2.0,1.0,3.0,0.0,,,1.0,0.0,1.0,1.0,0.0,19.0,0.105263,1153.4,22.0,0.5125
2024,NYI,8476419.0,Jean-Gabriel,Pageau,C,5.0,,,,,,,,,,,,1.0,1.0,2.0,0.0,,,-1.0,0.0,1.0,0.0,0.0,8.0,0.125,877.4,21.8,0.57971
2024,NYI,8476422.0,Mike,Reilly,D,5.0,,,,,,,,,,,,0.0,0.0,0.0,0.0,,,2.0,0.0,0.0,0.0,0.0,7.0,0.0,883.4,20.8,0.0
2024,NYI,8476429.0,Scott,Mayfield,D,5.0,,,,,,,,,,,,0.0,1.0,1.0,2.0,,,3.0,0.0,0.0,0.0,0.0,6.0,0.0,952.0,22.4,0.0
2024,NYI,8476917.0,Adam,Pelech,D,5.0,,,,,,,,,,,,0.0,3.0,3.0,0.0,,,-2.0,0.0,0.0,0.0,0.0,6.0,0.0,1231.4,29.8,0.0
2024,NYI,8477407.0,Anthony,Duclair,L,5.0,,,,,,,,,,,,2.0,1.0,3.0,0.0,,,0.0,1.0,0.0,0.0,0.0,8.0,0.25,990.2,20.4,0.0
2024,NYI,8477500.0,Bo,Horvat,C,5.0,,,,,,,,,,,,2.0,1.0,3.0,0.0,,,2.0,1.0,0.0,0.0,0.0,16.0,0.125,1183.8,22.8,0.425287
2024,NYI,8477506.0,Ryan,Pulock,D,5.0,,,,,,,,,,,,0.0,1.0,1.0,0.0,,,-1.0,0.0,0.0,0.0,0.0,8.0,0.0,1269.2,29.8,0.0
2024,NYI,8478445.0,Mathew,Barzal,C,5.0,,,,,,,,,,,,1.0,2.0,3.0,2.0,,,1.0,0.0,0.0,0.0,0.0,8.0,0.125,1294.0,23.2,0.4
2024,NYI,8479328.0,Julien,Gauthier,R,1.0,,,,,,,,,,,,0.0,0.0,0.0,0.0,,,0.0,0.0,0.0,0.0,0.0,0.0,0.0,462.0,12.0,0.0
2024,NYI,8480789.0,Oliver,Wahlstrom,R,4.0,,,,,,,,,,,,0.0,0.0,0.0,2.0,,,-2.0,0.0,0.0,0.0,0.0,3.0,0.0,585.25,15.25,0.0
2024,NYI,8480865.0,Noah,Dobson,D,5.0,,,,,,,,,,,,0.0,4.0,4.0,0.0,,,0.0,0.0,0.0,0.0,0.0,15.0,0.0,1408.0,30.0,0.0
2024,NYI,8481014.0,Alexander,Romanov,D,5.0,,,,,,,,,,,,0.0,1.0,1.0,6.0,,,0.0,0.0,0.0,0.0,0.0,9.0,0.0,1275.4,28.2,0.0
2024,NYI,8481237.0,Kyle,MacLean,C,5.0,,,,,,,,,,,,0.0,0.0,0.0,0.0,,,-2.0,0.0,0.0,0.0,0.0,2.0,0.0,661.2,16.4,0.681818
2024,NYI,8481601.0,Simon,Holmstrom,R,5.0,,,,,,,,,,,,0.0,2.0,2.0,0.0,,,1.0,0.0,0.0,0.0,0.0,2.0,0.0,811.8,20.0,0.0
2024,NYI,8484958.0,Maxim,Tsyplakov,R,5.0,,,,,,,,,,,,1.0,2.0,3.0,6.0,,,-1.0,0.0,0.0,0.0,0.0,8.0,0.125,1062.2,19.6,1.0
2024,NYR,8471734.0,Jonathan,Quick,G,1.0,1.0,1.0,0.0,0.0,0.0,2.026457,0.935484,31.0,29.0,2.0,0.0,0.0,0.0,0.0,0.0,3553.0,2.0,,,,,,,,,,
2024,NYR,8478048.0,Igor,Shesterkin,G,4.0,4.0,3.0,0.0,0.0,1.0,1.970174,0.935484,124.0,116.0,8.0,1.0,0.0,0.0,0.0,0.0,14618.0,2.0,,,,,,,,,,
2024,NYR,8475184.0,Chris,Kreider,L,5.0,,,,,,,,,,,,5.0,0.0,5.0,2.0,,,3.0,1.0,1.0,2.0,0.0,16.0,0.3125,1039.8,21.6,0.555556
2024,NYR,8475191.0,Reilly,Smith,R,5.0,,,,,,,,,,,,1.0,3.0,4.0,2.0,,,4.0,0.0,0.0,0.0,0.0,9.0,0.111111,927.6,20.6,0.0
2024,NYR,8475842.0,Sam,Carrick,C,5.0,,,,,,,,,,,,1.0,0.0,1.0,7.0,,,2.0,0.0,0.0,1.0,0.0,7.0,0.142857,620.6,14.6,0.513514
2024,NYR,8476389.0,Vincent,Trocheck,C,5.0,,,,,,,,,,,,2.0,5.0,7.0,4.0,,,3.0,1.0,0.0,1.0,0.0,17.0,0.117647,1311.4,24.4,0.59
2024,NYR,8476459.0,Mika,Zibanejad,C,5.0,,,,,,,,,,,,1.0,4.0,5.0,2.0,,,1.0,0.0,0.0,0.0,0.0,8.0,0.125,1121.0,22.2,0.586957
2024,NYR,8476885.0,Jacob,Trouba,D,5.0,,,,,,,,,,,,0.0,4.0,4.0,4.0,,,2.0,0.0,0.0,0.0,0.0,12.0,0.0,1258.6,23.6,0.0
2024,NYR,8477244.0,Chad,Ruhwedel,D,1.0,,,,,,,,,,,,0.0,0.0,0.0,0.0,,,2.0,0.0,0.0,0.0,0.0,0.0,0.0,844.0,17.0,0.0
2024,NYR,8477380.0,Jonny,Brodzinski,C,3.0,,,,,,,,,,,,0.0,1.0,1.0,2.0,,,1.0,0.0,0.0,0.0,0.0,1.0,0.0,585.0,14.0,0.666667
2024,NYR,8478550.0,Artemi,Panarin,L,5.0,,,,,,,,,,,,6.0,6.0,12.0,2.0,,,4.0,3.0,0.0,0.0,0.0,16.0,0.375,1200.6,21.4,0.0
2024,NYR,8479323.0,Adam,Fox,D,5.0,,,,,,,,,,,,0.0,6.0,6.0,2.0,,,4.0,0.0,0.0,0.0,0.0,2.0,0.0,1329.0,24.0,0.0
2024,NYR,8480078.0,Filip,Chytil,C,5.0,,,,,,,,,,,,1.0,1.0,2.0,2.0,,,5.0,0.0,0.0,0.0,0.0,9.0,0.111111,803.4,18.4,0.425926
2024,NYR,8480817.0,K'Andre,Miller,D,5.0,,,,,,,,,,,,1.0,1.0,2.0,2.0,,,4.0,0.0,0.0,0.0,0.0,11.0,0.090909,1399.6,25.4,0.0
2024,NYR,8481554.0,Kaapo,Kakko,R,5.0,,,,,,,,,,,,0.0,2.0,2.0,8.0,,,5.0,0.0,0.0,0.0,0.0,9.0,0.0,816.0,19.0,0.5
2024,NYR,8481708.0,Zac,Jones,D,4.0,,,,,,,,,,,,0.0,1.0,1.0,0.0,,,4.0,0.0,0.0,0.0,0.0,3.0,0.0,945.25,17.75,0.0
2024,NYR,8481726.0,Adam,Edstrom,C,5.0,,,,,,,,,,,,0.0,0.0,0.0,15.0,,,1.0,0.0,0.0,0.0,0.0,3.0,0.0,446.6,10.8,0.0
2024,NYR,8482073.0,Braden,Schneider,D,5.0,,,,,,,,,,,,1.0,0.0,1.0,2.0,,,4.0,0.0,0.0,0.0,0.0,10.0,0.1,1182.0,23.4,0.0
2024,NYR,8482109.0,Alexis,Lafrenière,L,5.0,,,,,,,,,,,,3.0,3.0,6.0,2.0,,,0.0,0.0,0.0,0.0,0.0,12.0,0.25,1065.2,20.0,0.666667
2024,NYR,8482157.0,Will,Cuylle,L,5.0,,,,,,,,,,,,1.0,3.0,4.0,4.0,,,6.0,0.0,0.0,0.0,0.0,11.0,0.090909,830.2,18.4,0.5
2024,NYR,8482460.0,Matt,Rempe,C,2.0,,,,,,,,,,,,0.0,0.0,0.0,0.0,,,0.0,0.0,0.0,0.0,0.0,0.0,0.0,338.5,9.0,0.0
2024,NYR,8483768.0,Victor,Mancini,D,5.0,,,,,,,,,,,,1.0,1.0,2.0,0.0,,,3.0,0.0,0.0,0.0,0.0,9.0,0.111111,902.6,17.6,0.0
2024,OTT,8476341.0,Anton,Forsberg,G,3.0,3.0,1.0,1.0,0.0,0.0,4.164257,0.863014,73.0,63.0,10.0,0.0,0.0,0.0,0.0,0.0,8645.0,2.0,,,,,,,,,,
2024,OTT,8476999.0,Linus,Ullmark,G,2.0,2.0,1.0,1.0,0.0,0.0,2.578427,0.913793,58.0,53.0,5.0,0.0,0.0,0.0,0.0,0.0,6981.0,2.0,,,,,,,,,,
2024,OTT,8481544.0,Mads,Sogaard,G,1.0,0.0,1.0,0.0,0.0,0.0,6.959884,0.764706,17.0,13.0,4.0,0.0,0.0,0.0,0.0,0.0,2069.0,2.0,,,,,,,,,,
2024,OTT,8473512.0,Claude,Giroux,R,5.0,,,,,,,,,,,,1.0,3.0,4.0,0.0,,,0.0,1.0,0.0,0.0,0.0,5.0,0.2,1098.0,26.0,0.574074
2024,OTT,8474102.0,David,Perron,L,5.0,,,,,,,,,,,,0.0,0.0,0.0,0.0,,,-4.0,0.0,0.0,0.0,0.0,14.0,0.0,806.4,21.6,0.0
2024,OTT,8474612.0,Travis,Hamonic,D,5.0,,,,,,,,,,,,0.0,0.0,0.0,4.0,,,-1.0,0.0,0.0,0.0,0.0,4.0,0.0,979.8,23.4,0.0
2024,OTT,8475324.0,Nick,Jensen,D,5.0,,,,,,,,,,,,0.0,2.0,2.0,0.0,,,0.0,0.0,0.0,0.0,0.0,6.0,0.0,1185.4,28.0,0.0
2024,OTT,8476393.0,Nick,Cousins,C,5.0,,,,,,,,,,,,0.0,0.0,0.0,0.0,,,-3.0,0.0,0.0,0.0,0.0,6.0,0.0,659.8,16.8,0.0
2024,OTT,8478020.0,Michael,Amadio,R,5.0,,,,,,,,,,,,0.0,0.0,0.0,0.0,,,-3.0,0.0,0.0,0.0,0.0,9.0,0.0,916.0,22.8,0.636364
2024,OTT,8478469.0,Thomas,Chabot,D,5.0,,,,,,,,,,,,1.0,1.0,2.0,0.0,,,-6.0,0.0,0.0,0.0,0.0,13.0,0.076923,1369.0,30.8,0.0
2024,OTT,8478874.0,Adam,Gaudette,R,4.0,,,,,,,,,,,,0.0,1.0,1.0,2.0,,,1.0,0.0,0.0,0.0,0.0,4.0,0.0,489.0,12.5,0.454545
2024,OTT,8479393.0,Noah,Gregor,L,5.0,,,,,,,,,,,,1.0,0.0,1.0,0.0,,,-1.0,0.0,1.0,1.0,0.0,9.0,0.111111,781.8,20.6,0.0
2024,OTT,8479772.0,Zack,MacEwen,R,4.0,,,,,,,,,,,,2.0,0.0,2.0,9.0,,,1.0,0.0,0.0,0.0,0.0,3.0,0.666667,419.75,12.25,0.0
2024,OTT,8480064.0,Josh,Norris,C,5.0,,,,,,,,,,,,3.0,2.0,5.0,6.0,,,-2.0,1.0,0.0,1.0,1.0,7.0,0.428571,1136.6,26.0,0.535211
2024,OTT,8480208.0,Drake,Batherson,R,5.0,,,,,,,,,,,,3.0,3.0,6.0,4.0,,,-1.0,2.0,0.0,0.0,0.0,14.0,0.214286,1047.4,23.4,1.0
2024,OTT,8480801.0,Brady,Tkachuk,L,5.0,,,,,,,,,,,,2.0,5.0,7.0,6.0,,,-1.0,2.0,0.0,0.0,0.0,19.0,0.105263,1125.6,24.2,0.461538
2024,OTT,8480879.0,Jacob,Bernard-Docker,D,2.0,,,,,,,,,,,,0.0,0.0,0.0,0.0,,,-3.0,0.0,0.0,0.0,0.0,4.0,0.0,853.0,21.0,0.0
2024,OTT,8481596.0,Shane,Pinto,C,5.0,,,,,,,,,,,,1.0,2.0,3.0,4.0,,,-5.0,0.0,0.0,1.0,0.0,10.0,0.1,1052.2,26.6,0.467532
2024,OTT,8482092.0,Ridly,Greig,C,2.0,,,,,,,,,,,,0.0,0.0,0.0,0.0,,,-2.0,0.0,0.0,0.0,0.0,0.0,0.0,843.0,18.5,0.5
2024,OTT,8482095.0,Tyler,Kleven,D,5.0,,,,,,,,,,,,0.0,0.0,0.0,4.0,,,0.0,0.0,0.0,0.0,0.0,6.0,0.0,890.2,21.0,0.0
2024,OTT,8482105.0,Jake,Sanderson,D,5.0,,,,,,,,,,,,1.0,6.0,7.0,0.0,,,0.0,1.0,0.0,0.0,0.0,12.0,0.083333,1548.6,30.6,0.0
2024,OTT,8482116.0,Tim,Stützle,C,5.0,,,,,,,,,,,,3.0,4.0,7.0,2.0,,,1.0,1.0,0.0,0.0,0.0,7.0,0.428571,1204.6,24.4,0.185185
2024,OTT,8482245.0,Artem,Zub,D,3.0,,,,,,,,,,,,0.0,0.0,0.0,2.0,,,1.0,0.0,0.0,0.0,0.0,4.0,0.0,838.0,18.6667,0.0
2024,PHI,8478905.0,Ivan,Fedotov,G,2.0,2.0,0.0,2.0,0.0,0.0,6.085193,0.818182,55.0,45.0,10.0,0.0,0.0,0.0,0.0,0.0,5916.0,2.0,,,,,,,,,,
2024,PHI,8481035.0,Samuel,Ersson,G,4.0,3.0,1.0,1.0,0.0,1.0,2.987056,0.893617,94.0,84.0,10.0,0.0,0.0,0.0,0.0,0.0,12052.0,2.0,,,,,,,,,,
2024,PHI,8473446.0,Erik,Johnson,D,5.0,,,,,,,,,,,,0.0,1.0,1.0,2.0,,,-2.0,0.0,0.0,0.0,0.0,1.0,0.0,790.2,21.0,0.0
2024,PHI,8476461.0,Sean,Couturier,C,5.0,,,,,,,,,,,,0.0,1.0,1.0,5.0,,,0.0,0.0,0.0,0.0,0.0,7.0,0.0,812.0,19.0,0.534483
2024,PHI,8476872.0,Scott,Laughton,C,5.0,,,,,,,,,,,,2.0,2.0,4.0,2.0,,,0.0,0.0,0.0,0.0,0.0,7.0,0.285714,800.8,19.4,0.304348
2024,PHI,8477499.0,Rasmus,Ristolainen,D,5.0,,,,,,,,,,,,0.0,0.0,0.0,0.0,,,-3.0,0.0,0.0,0.0,0.0,6.0,0.0,983.2,23.8,0.0
2024,PHI,8477903.0,Garnet,Hathaway,R,5.0,,,,,,,,,,,,0.0,3.0,3.0,10.0,,,0.0,0.0,0.0,0.0,0.0,5.0,0.0,683.6,18.8,0.0
2024,PHI,8477948.0,Travis,Sanheim,D,5.0,,,,,,,,,,,,0.0,0.0,0.0,6.0,,,-3.0,0.0,0.0,0.0,0.0,14.0,0.0,1385.0,29.8,0.0
2024,PHI,8478439.0,Travis,Konecny,R,5.0,,,,,,,,,,,,2.0,1.0,3.0,9.0,,,-6.0,1.0,1.0,0.0,0.0,15.0,0.133333,1233.2,24.6,0.333333
2024,PHI,8480015.0,Owen,Tippett,R,5.0,,,,,,,,,,,,0.0,1.0,1.0,0.0,,,-4.0,0.0,0.0,0.0,0.0,17.0,0.0,1083.6,22.2,0.5
2024,PHI,8480028.0,Morgan,Frost,C,5.0,,,,,,,,,,,,0.0,3.0,3.0,4.0,,,-5.0,0.0,0.0,0.0,0.0,16.0,0.0,1094.4,22.0,0.52809
2024,PHI,8480068.0,Ryan,Poehling,C,5.0,,,,,,,,,,,,0.0,3.0,3.0,4.0,,,0.0,0.0,0.0,0.0,0.0,3.0,0.0,791.4,19.6,0.484375
2024,PHI,8480220.0,Noah,Cates,L,1.0,,,,,,,,,,,,0.0,0.0,0.0,0.0,,,-1.0,0.0,0.0,0.0,0.0,1.0,0.0,688.0,15.0,0.384615
2024,PHI,8480797.0,Joel,Farabee,L,5.0,,,,,,,,,,,,1.0,2.0,3.0,7.0,,,-5.0,0.0,0.0,0.0,0.0,10.0,0.1,827.2,18.6,0.5
2024,PHI,8481178.0,Egor,Zamula,D,5.0,,,,,,,,,,,,0.0,1.0,1.0,0.0,,,-5.0,0.0,0.0,0.0,0.0,5.0,0.0,1120.8,24.6,0.0
2024,PHI,8481546.0,Cam,York,D,5.0,,,,,,,,,,,,2.0,0.0,2.0,4.0,,,-1.0,0.0,0.0,0.0,0.0,8.0,0.25,1403.8,29.2,0.0
2024,PHI,8481553.0,Bobby,Brink,R,5.0,,,,,,,,,,,,1.0,3.0,4.0,2.0,,,-1.0,0.0,0.0,0.0,0.0,10.0,0.1,732.6,16.4,0.0
2024,PHI,8482142.0,Jamie,Drysdale,D,5.0,,,,,,,,,,,,1.0,0.0,1.0,0.0,,,-7.0,1.0,0.0,0.0,0.0,4.0,0.25,1110.8,23.0,0.0
2024,PHI,8482159.0,Tyson,Foerster,R,5.0,,,,,,,,,,,,1.0,0.0,1.0,17.0,,,-3.0,1.0,0.0,0.0,0.0,9.0,0.111111,996.4,21.2,0.0
2024,PHI,8484387.0,Matvei,Michkov,R,5.0,,,,,,,,,,,,2.0,2.0,4.0,4.0,,,-6.0,2.0,0.0,0.0,0.0,11.0,0.181818,1114.8,21.6,0.75
2024,PHI,8484779.0,Jett,Luchanko,C,4.0,,,,,,,,,,,,0.0,0.0,0.0,2.0,,,-3.0,0.0,0.0,0.0,0.0,3.0,0.0,843.25,19.0,0.459459
2024,PIT,8477465.0,Tristan,Jarry,G,3.0,3.0,1.0,1.0,0.0,0.0,5.473204,0.835616,73.0,61.0,12.0,0.0,0.0,0.0,0.0,0.0,7893.0,2.0,,,,,,,,,,
2024,PIT,8477968.0,Alex,Nedeljkovic,G,1.0,1.0,0.0,1.0,0.0,0.0,5.05476,0.861111,36.0,31.0,5.0,0.0,0.0,0.0,0.0,0.0,3561.0,2.0,,,,,,,,,,
2024,PIT,8482446.0,Joel,Blomqvist,G,4.0,3.0,2.0,2.0,0.0,0.0,3.163213,0.908397,131.0,119.0,12.0,0.0,0.0,0.0,0.0,0.0,13657.0,2.0,,,,,,,,,,
2024,PIT,8471215.0,Evgeni,Malkin,C,7.0,,,,,,,,,,,,2.0,9.0,11.0,0.0,,,-5.0,0.0,0.0,0.0,0.0,15.0,0.133333,1107.1429,21.4286,0.5
2024,PIT,8471675.0,Sidney,Crosby,C,7.0,,,,,,,,,,,,1.0,5.0,6.0,2.0,,,-4.0,1.0,0.0,1.0,1.0,17.0,0.058824,1219.7143,23.7143,0.559748
2024,PIT,8471724.0,Kris,Letang,D,7.0,,,,,,,,,,,,2.0,1.0,3.0,6.0,,,-5.0,1.0,0.0,0.0,0.0,11.0,0.181818,1370.8571,25.4286,0.0
2024,PIT,8474189.0,Lars,Eller,C,7.0,,,,,,,,,,,,4.0,2.0,6.0,4.0,,,2.0,0.0,0.0,0.0,0.0,18.0,0.222222,907.5714,21.1429,0.551282
2024,PIT,8474578.0,Erik,Karlsson,D,7.0,,,,,,,,,,,,1.0,4.0,5.0,0.0,,,-3.0,1.0,0.0,0.0,0.0,13.0,0.076923,1346.1429,25.2857,0.0
2024,PIT,8475763.0,Kevin,Hayes,R,7.0,,,,,,,,,,,,3.0,0.0,3.0,0.0,,,-5.0,1.0,0.0,1.0,0.0,12.0,0.25,617.7143,14.5714,0.666667
2024,PIT,8475810.0,Bryan,Rust,R,5.0,,,,,,,,,,,,1.0,1.0,2.0,4.0,,,-6.0,1.0,0.0,0.0,0.0,17.0,0.058824,1193.4,23.0,0.0
2024,PIT,8476483.0,Rickard,Rakell,R,7.0,,,,,,,,,,,,3.0,1.0,4.0,0.0,,,1.0,0.0,0.0,0.0,0.0,13.0,0.230769,975.0,19.7143,0.0
2024,PIT,8476891.0,Matt,Grzelcyk,D,7.0,,,,,,,,,,,,0.0,2.0,2.0,2.0,,,-3.0,0.0,0.0,0.0,0.0,12.0,0.0,1231.4286,26.2857,0.0
2024,PIT,8477435.0,Ryan,Graves,D,7.0,,,,,,,,,,,,0.0,0.0,0.0,2.0,,,2.0,0.0,0.0,0.0,0.0,7.0,0.0,894.2857,19.7143,0.0
2024,PIT,8477969.0,Marcus,Pettersson,D,7.0,,,,,,,,,,,,1.0,2.0,3.0,10.0,,,-4.0,0.0,0.0,1.0,0.0,9.0,0.111111,1282.4286,25.8571,0.0
2024,PIT,8478047.0,Michael,Bunting,L,6.0,,,,,,,,,,,,0.0,1.0,1.0,4.0,,,0.0,0.0,0.0,0.0,0.0,13.0,0.0,887.6667,18.8333,1.0
2024,PIT,8478463.0,Anthony,Beauvillier,L,7.0,,,,,,,,,,,,2.0,0.0,2.0,0.0,,,1.0,0.0,0.0,0.0,0.0,19.0,0.105263,847.4286,18.5714,0.0
2024,PIT,8478569.0,Noel,Acciari,C,7.0,,,,,,,,,,,,0.0,2.0,2.0,2.0,,,-2.0,0.0,0.0,0.0,0.0,6.0,0.0,726.8571,17.8571,0.575758
2024,PIT,8478854.0,Ryan,Shea,D,2.0,,,,,,,,,,,,0.0,0.0,0.0,0.0,,,-2.0,0.0,0.0,0.0,0.0,2.0,0.0,929.5,21.5,0.0
2024,PIT,8479344.0,Jesse,Puljujarvi,R,6.0,,,,,,,,,,,,1.0,4.0,5.0,2.0,,,-1.0,0.0,0.0,0.0,0.0,10.0,0.1,743.5,18.3333,0.0
2024,PIT,8479996.0,Cody,Glass,C,7.0,,,,,,,,,,,,0.0,2.0,2.0,2.0,,,-1.0,0.0,0.0,0.0,0.0,10.0,0.0,673.5714,16.8571,0.482759
2024,PIT,8481030.0,Jack,St. Ivany,D,5.0,,,,,,,,,,,,0.0,0.0,0.0,2.0,,,-2.0,0.0,0.0,0.0,0.0,4.0,0.0,1002.6,20.8,0.0
2024,PIT,8481703.0,Valtteri,Puustinen,R,1.0,,,,,,,,,,,,0.0,0.0,0.0,0.0,,,-1.0,0.0,0.0,0.0,0.0,0.0,0.0,594.0,13.0,0.0
2024,PIT,8482055.0,Drew,O'Connor,L,7.0,,,,,,,,,,,,3.0,1.0,4.0,6.0,,,-3.0,0.0,1.0,0.0,0.0,13.0,0.230769,906.2857,20.5714,0.0
2024,PIT,8483487.0,Rutger,McGroarty,R,3.0,,,,,,,,,,,,0.0,0.0,0.0,0.0,,,-1.0,0.0,0.0,0.0,0.0,2.0,0.0,697.0,16.6667,0.0
2024,SEA,8475831.0,Philipp,Grubauer,G,3.0,3.0,1.0,2.0,0.0,0.0,3.073129,0.876712,73.0,64.0,9.0,0.0,0.0,0.0,0.0,0.0,10543.0,2.0,,,,,,,,,,
2024,SEA,8478916.0,Joey,Daccord,G,3.0,3.0,3.0,0.0,0.0,0.0,2.596466,0.913978,93.0,85.0,8.0,0.0,0.0,0.0,0.0,0.0,11092.0,2.0,,,,,,,,,,
2024,SEA,8474586.0,Jordan,Eberle,R,6.0,,,,,,,,,,,,5.0,2.0,7.0,0.0,,,4.0,1.0,0.0,1.0,1.0,9.0,0.555556,974.1667,18.8333,0.333333
2024,SEA,8475768.0,Jaden,Schwartz,C,6.0,,,,,,,,,,,,1.0,3.0,4.0,8.0,,,0.0,0.0,0.0,1.0,0.0,6.0,0.166667,973.3333,19.8333,0.0
2024,SEA,8476457.0,Adam,Larsson,D,6.0,,,,,,,,,,,,1.0,2.0,3.0,4.0,,,0.0,0.0,0.0,0.0,0.0,8.0,0.125,1238.1667,23.0,0.0
2024,SEA,8476467.0,Jamie,Oleksiak,D,6.0,,,,,,,,,,,,0.0,2.0,2.0,2.0,,,4.0,0.0,0.0,0.0,0.0,8.0,0.0,1313.1667,25.1667,0.0
2024,SEA,8476826.0,Yanni,Gourde,C,6.0,,,,,,,,,,,,0.0,3.0,3.0,12.0,,,1.0,0.0,0.0,0.0,0.0,2.0,0.0,827.6667,18.6667,0.533333
2024,SEA,8476905.0,Chandler,Stephenson,C,6.0,,,,,,,,,,,,1.0,3.0,4.0,0.0,,,-1.0,1.0,0.0,0.0,0.0,3.0,0.333333,1210.8333,23.6667,0.536
2024,SEA,8477416.0,Oliver,Bjorkstrand,R,6.0,,,,,,,,,,,,2.0,1.0,3.0,0.0,,,1.0,0.0,0.0,0.0,0.0,18.0,0.111111,887.8333,18.5,0.0
2024,SEA,8477444.0,Andre,Burakovsky,L,6.0,,,,,,,,,,,,0.0,4.0,4.0,2.0,,,-1.0,0.0,0.0,0.0,0.0,10.0,0.0,934.8333,18.0,0.0
2024,SEA,8477955.0,Jared,McCann,L,6.0,,,,,,,,,,,,3.0,5.0,8.0,2.0,,,5.0,1.0,0.0,0.0,0.0,12.0,0.25,971.3333,20.3333,0.25
2024,SEA,8477986.0,Brandon,Montour,D,6.0,,,,,,,,,,,,1.0,3.0,4.0,6.0,,,4.0,0.0,0.0,0.0,0.0,25.0,0.04,1429.3333,25.0,0.0
2024,SEA,8478407.0,Vince,Dunn,D,4.0,,,,,,,,,,,,1.0,2.0,3.0,2.0,,,-2.0,0.0,0.0,0.0,0.0,10.0,0.1,1129.25,21.75,0.0
2024,SEA,8478840.0,Will,Borgen,D,6.0,,,,,,,,,,,,0.0,1.0,1.0,0.0,,,-1.0,0.0,0.0,0.0,0.0,7.0,0.0,885.0,19.3333,0.0
2024,SEA,8479293.0,Brandon,Tanev,L,6.0,,,,,,,,,,,,1.0,1.0,2.0,4.0,,,0.0,0.0,0.0,0.0,0.0,14.0,0.071429,829.6667,21.3333,0.0
2024,SEA,8479372.0,Joshua,Mahura,D,2.0,,,,,,,,,,,,0.0,0.0,0.0,2.0,,,-1.0,0.0,0.0,0.0,0.0,4.0,0.0,806.0,17.0,0.0
2024,SEA,8480009.0,Eeli,Tolvanen,R,6.0,,,,,,,,,,,,2.0,0.0,2.0,0.0,,,2.0,0.0,0.0,0.0,0.0,7.0,0.285714,834.1667,17.5,0.666667
2024,SEA,8481789.0,Tye,Kartye,L,6.0,,,,,,,,,,,,1.0,0.0,1.0,2.0,,,0.0,0.0,0.0,0.0,0.0,8.0,0.125,632.0,15.5,0.0
2024,SEA,8482665.0,Matty,Beniers,C,6.0,,,,,,,,,,,,0.0,1.0,1.0,0.0,,,1.0,0.0,0.0,0.0,0.0,14.0,0.0,1054.6667,20.1667,0.470588
2024,SEA,8482858.0,Ryker,Evans,D,6.0,,,,,,,,,,,,1.0,3.0,4.0,4.0,,,5.0,0.0,0.0,0.0,0.0,7.0,0.142857,1024.0,19.6667,0.0
2024,SEA,8483524.0,Shane,Wright,C,6.0,,,,,,,,,,,,1.0,1.0,2.0,2.0,,,4.0,0.0,0.0,1.0,0.0,6.0,0.166667,852.8333,18.6667,0.359375
2024,SJS,8477970.0,Vitek,Vanecek,G,4.0,3.0,0.0,3.0,0.0,0.0,3.142857,0.884211,95.0,84.0,11.0,0.0,0.0,0.0,0.0,0.0,12600.0,2.0,,,,,,,,,,
2024,SJS,8478406.0,Mackenzie,Blackwood,G,3.0,3.0,0.0,1.0,0.0,2.0,4.880804,0.875,96.0,84.0,12.0,0.0,0.0,0.0,0.0,0.0,8851.0,2.0,,,,,,,,,,
2024,SJS,8475726.0,Tyler,Toffoli,C,6.0,,,,,,,,,,,,4.0,3.0,7.0,0.0,,,0.0,1.0,0.0,0.0,0.0,14.0,0.285714,1036.3333,18.8333,0.5
2024,SJS,8475798.0,Mikael,Granlund,C,6.0,,,,,,,,,,,,0.0,6.0,6.0,6.0,,,-1.0,0.0,0.0,0.0,0.0,18.0,0.0,1296.3333,23.8333,0.548077
2024,SJS,8476624.0,Barclay,Goodrow,C,6.0,,,,,,,,,,,,1.0,0.0,1.0,8.0,,,0.0,0.0,1.0,0.0,0.0,9.0,0.111111,863.3333,19.0,0.521739
2024,SJS,8476879.0,Cody,Ceci,D,6.0,,,,,,,,,,,,0.0,1.0,1.0,4.0,,,-4.0,0.0,0.0,0.0,0.0,10.0,0.0,1339.5,27.5,0.0
2024,SJS,8476988.0,Matt,Benning,D,5.0,,,,,,,,,,,,0.0,0.0,0.0,4.0,,,-5.0,0.0,0.0,0.0,0.0,5.0,0.0,817.0,19.8,0.0
2024,SJS,8477505.0,Alexander,Wennberg,C,6.0,,,,,,,,,,,,0.0,0.0,0.0,2.0,,,-6.0,0.0,0.0,0.0,0.0,7.0,0.0,1056.0,19.8333,0.47619
2024,SJS,8478013.0,Jake,Walman,D,6.0,,,,,,,,,,,,0.0,2.0,2.0,4.0,,,-2.0,0.0,0.0,0.0,0.0,17.0,0.0,1406.3333,28.1667,0.0
2024,SJS,8479316.0,Luke,Kunin,C,6.0,,,,,,,,,,,,1.0,0.0,1.0,4.0,,,-2.0,0.0,0.0,0.0,0.0,9.0,0.111111,905.6667,19.6667,0.769231
2024,SJS,8479336.0,Carl,Grundstrom,R,5.0,,,,,,,,,,,,0.0,1.0,1.0,0.0,,,-1.0,0.0,0.0,0.0,0.0,4.0,0.0,561.4,12.2,0.0
2024,SJS,8479379.0,Givani,Smith,R,1.0,,,,,,,,,,,,0.0,0.0,0.0,0.0,,,0.0,0.0,0.0,0.0,0.0,0.0,0.0,479.0,11.0,0.0
2024,SJS,8479983.0,Mario,Ferraro,D,6.0,,,,,,,,,,,,0.0,0.0,0.0,2.0,,,1.0,0.0,0.0,0.0,0.0,6.0,0.0,1192.5,26.6667,0.0
2024,SJS,8480011.0,Klim,Kostin,C,4.0,,,,,,,,,,,,0.0,0.0,0.0,4.0,,,-2.0,0.0,0.0,0.0,0.0,3.0,0.0,615.0,14.75,1.0
2024,SJS,8480172.0,Jan,Rutta,D,6.0,,,,,,,,,,,,0.0,1.0,1.0,10.0,,,1.0,0.0,0.0,0.0,0.0,3.0,0.0,1142.0,26.6667,0.0
2024,SJS,8480188.0,Fabian,Zetterlund,L,6.0,,,,,,,,,,,,3.0,0.0,3.0,2.0,,,-4.0,1.0,0.0,0.0,0.0,13.0,0.230769,994.0,18.8333,0.0
2024,SJS,8480848.0,Ty,Dellandrea,C,6.0,,,,,,,,,,,,1.0,0.0,1.0,0.0,,,-4.0,0.0,0.0,0.0,0.0,5.0,0.2,752.8333,17.5,0.513514
2024,SJS,8481477.0,Nico,Sturm,C,6.0,,,,,,,,,,,,0.0,1.0,1.0,2.0,,,-3.0,0.0,0.0,0.0,0.0,2.0,0.0,620.1667,15.8333,0.703704
2024,SJS,8481567.0,Henry,Thrun,D,6.0,,,,,,,,,,,,0.0,0.0,0.0,7.0,,,-5.0,0.0,0.0,0.0,0.0,4.0,0.0,995.6667,23.0,0.0
2024,SJS,8482101.0,Danil,Gushchin,L,3.0,,,,,,,,,,,,0.0,0.0,0.0,2.0,,,-3.0,0.0,0.0,0.0,0.0,4.0,0.0,761.3333,14.0,0.0
2024,SJS,8482144.0,Jack,Thompson,D,1.0,,,,,,,,,,,,0.0,0.0,0.0,0.0,,,0.0,0.0,0.0,0.0,0.0,1.0,0.0,980.0,24.0,0.0
2024,SJS,8482667.0,William,Eklund,L,5.0,,,,,,,,,,,,1.0,3.0,4.0,0.0,,,-1.0,1.0,0.0,0.0,0.0,14.0,0.071429,1264.6,22.4,0.333333
2024,SJS,8484227.0,Will,Smith,C,5.0,,,,,,,,,,,,0.0,0.0,0.0,2.0,,,-3.0,0.0,0.0,0.0,0.0,6.0,0.0,849.6,16.8,0.282051
2024,SJS,8484801.0,Macklin,Celebrini,C,1.0,,,,,,,,,,,,1.0,1.0,2.0,0.0,,,0.0,0.0,0.0,0.0,0.0,2.0,0.5,1055.0,22.0,0.071429
2024,STL,8476412.0,Jordan,Binnington,G,3.0,3.0,1.0,2.0,0.0,0.0,3.022952,0.895349,86.0,77.0,9.0,0.0,0.0,0.0,0.0,0.0,10718.0,2.0,,,,,,,,,,
2024,STL,8480981.0,Joel,Hofer,G,3.0,3.0,3.0,0.0,0.0,0.0,2.319161,0.932039,103.0,96.0,7.0,1.0,0.0,1.0,1.0,0.0,10866.0,2.0,,,,,,,,,,
2024,STL,8470600.0,Ryan,Suter,D,6.0,,,,,,,,,,,,1.0,0.0,1.0,0.0,,,1.0,0.0,0.0,0.0,0.0,9.0,0.111111,1135.8333,23.5,0.0
2024,STL,8475170.0,Brayden,Schenn,C,6.0,,,,,,,,,,,,1.0,1.0,2.0,4.0,,,-3.0,0.0,0.0,1.0,1.0,19.0,0.052632,1072.5,21.8333,0.54878
2024,STL,8475181.0,Nick,Leddy,D,4.0,,,,,,,,,,,,0.0,0.0,0.0,0.0,,,-3.0,0.0,0.0,0.0,0.0,4.0,0.0,1329.25,26.25,0.0
2024,STL,8475753.0,Justin,Faulk,D,6.0,,,,,,,,,,,,1.0,3.0,4.0,2.0,,,1.0,0.0,0.0,0.0,0.0,6.0,0.166667,1419.1667,26.6667,0.0
2024,STL,8476438.0,Brandon,Saad,L,3.0,,,,,,,,,,,,0.0,0.0,0.0,0.0,,,0.0,0.0,0.0,0.0,0.0,5.0,0.0,1017.3333,19.3333,0.0
2024,STL,8476889.0,Radek,Faksa,C,6.0,,,,,,,,,,,,1.0,0.0,1.0,2.0,,,0.0,0.0,0.0,0.0,0.0,4.0,0.25,659.6667,15.1667,0.487805
2024,STL,8476892.0,Colton,Parayko,D,6.0,,,,,,,,,,,,0.0,3.0,3.0,2.0,,,-2.0,0.0,0.0,0.0,0.0,12.0,0.0,1419.1667,28.0,0.0
2024,STL,8477402.0,Pavel,Buchnevich,L,6.0,,,,,,,,,,,,3.0,1.0,4.0,2.0,,,6.0,1.0,0.0,0.0,0.0,13.0,0.230769,1152.5,21.0,0.377049
2024,STL,8477573.0,Nathan,Walker,L,5.0,,,,,,,,,,,,0.0,1.0,1.0,4.0,,,0.0,0.0,0.0,0.0,0.0,5.0,0.0,628.4,14.0,0.0
2024,STL,8477953.0,Kasperi,Kapanen,R,5.0,,,,,,,,,,,,1.0,0.0,1.0,2.0,,,-2.0,0.0,0.0,1.0,0.0,7.0,0.142857,810.4,15.8,0.0
2024,STL,8478472.0,Mathieu,Joseph,R,6.0,,,,,,,,,,,,2.0,1.0,3.0,4.0,,,1.0,0.0,0.0,0.0,0.0,8.0,0.25,759.5,17.6667,0.0
2024,STL,8479385.0,Jordan,Kyrou,C,6.0,,,,,,,,,,,,2.0,4.0,6.0,2.0,,,2.0,1.0,0.0,1.0,0.0,17.0,0.117647,1152.1667,21.0,0.5
2024,STL,8480023.0,Robert,Thomas,C,6.0,,,,,,,,,,,,1.0,3.0,4.0,2.0,,,-4.0,0.0,0.0,0.0,0.0,11.0,0.090909,1284.8333,24.6667,0.652174
2024,STL,8480058.0,Pierre-Olivier,Joseph,D,3.0,,,,,,,,,,,,0.0,1.0,1.0,2.0,,,0.0,0.0,0.0,0.0,0.0,5.0,0.0,678.0,16.0,0.0
2024,STL,8480074.0,Alexandre,Texier,C,1.0,,,,,,,,,,,,0.0,1.0,1.0,0.0,,,0.0,0.0,0.0,0.0,0.0,2.0,0.0,783.0,14.0,0.0
2024,STL,8480281.0,Alexey,Toropchenko,R,5.0,,,,,,,,,,,,0.0,1.0,1.0,7.0,,,1.0,0.0,0.0,0.0,0.0,4.0,0.0,650.6,14.4,0.0
2024,STL,8481598.0,Philip,Broberg,D,6.0,,,,,,,,,,,,1.0,5.0,6.0,4.0,,,6.0,0.0,0.0,0.0,0.0,7.0,0.142857,1182.1667,25.6667,0.0
2024,STL,8482077.0,Dylan,Holloway,L,6.0,,,,,,,,,,,,1.0,1.0,2.0,0.0,,,2.0,0.0,0.0,0.0,0.0,8.0,0.125,850.0,17.1667,0.470588
2024,STL,8482089.0,Jake,Neighbours,L,6.0,,,,,,,,,,,,2.0,1.0,3.0,4.0,,,-2.0,0.0,0.0,1.0,1.0,12.0,0.166667,948.0,19.0,0.0
2024,STL,8482516.0,Matthew,Kessel,D,5.0,,,,,,,,,,,,0.0,0.0,0.0,0.0,,,0.0,0.0,0.0,0.0,0.0,2.0,0.0,717.2,16.6,0.0
2024,STL,8482737.0,Zack,Bolduc,C,5.0,,,,,,,,,,,,0.0,2.0,2.0,2.0,,,3.0,0.0,0.0,0.0,0.0,4.0,0.0,700.8,15.6,0.0
2024,TOR,8476932.0,Anthony,Stolarz,G,4.0,4.0,2.0,2.0,0.0,0.0,1.785082,0.936937,111.0,104.0,7.0,0.0,0.0,0.0,0.0,0.0,14117.0,2.0,,,,,,,,,,
2024,TOR,8483710.0,Dennis,Hildeby,G,1.0,1.0,1.0,0.0,0.0,0.0,2.017372,0.913043,23.0,21.0,2.0,0.0,0.0,0.0,0.0,0.0,3569.0,2.0,,,,,,,,,,
2024,TOR,8471817.0,Ryan,Reaves,R,4.0,,,,,,,,,,,,0.0,0.0,0.0,0.0,,,-2.0,0.0,0.0,0.0,0.0,3.0,0.0,494.5,12.0,0.0
2024,TOR,8474157.0,Max,Pacioretty,L,3.0,,,,,,,,,,,,1.0,0.0,1.0,4.0,,,1.0,0.0,0.0,0.0,0.0,4.0,0.25,678.6667,15.6667,1.0
2024,TOR,8475166.0,John,Tavares,C,4.0,,,,,,,,,,,,2.0,0.0,2.0,2.0,,,-3.0,1.0,0.0,0.0,0.0,11.0,0.181818,990.0,18.75,0.55102
2024,TOR,8475171.0,Oliver,Ekman-Larsson,D,5.0,,,,,,,,,,,,0.0,4.0,4.0,4.0,,,2.0,0.0,0.0,0.0,0.0,17.0,0.0,1340.4,29.6,0.0
2024,TOR,8475690.0,Chris,Tanev,D,5.0,,,,,,,,,,,,0.0,0.0,0.0,0.0,,,2.0,0.0,0.0,0.0,0.0,3.0,0.0,1123.6,28.2,0.0
2024,TOR,8476853.0,Morgan,Rielly,D,5.0,,,,,,,,,,,,1.0,1.0,2.0,2.0,,,-1.0,0.0,0.0,0.0,0.0,10.0,0.1,1290.4,28.0,0.0
2024,TOR,8476931.0,Jake,McCabe,D,5.0,,,,,,,,,,,,0.0,3.0,3.0,4.0,,,7.0,0.0,0.0,0.0,0.0,4.0,0.0,1242.8,29.0,0.0
2024,TOR,8477503.0,Max,Domi,C,5.0,,,,,,,,,,,,0.0,5.0,5.0,4.0,,,4.0,0.0,0.0,0.0,0.0,3.0,0.0,915.2,21.0,0.536585
2024,TOR,8477939.0,William,Nylander,R,5.0,,,,,,,,,,,,3.0,1.0,4.0,2.0,,,3.0,1.0,0.0,0.0,0.0,16.0,0.1875,1118.4,20.4,0.684211
2024,TOR,8478483.0,Mitch,Marner,R,5.0,,,,,,,,,,,,1.0,4.0,5.0,0.0,,,0.0,0.0,0.0,1.0,0.0,11.0,0.090909,1295.2,23.4,1.0
2024,TOR,8478904.0,Steven,Lorentz,C,5.0,,,,,,,,,,,,1.0,1.0,2.0,0.0,,,-1.0,0.0,0.0,1.0,0.0,7.0,0.142857,688.2,17.2,1.0
2024,TOR,8479318.0,Auston,Matthews,C,5.0,,,,,,,,,,,,2.0,2.0,4.0,0.0,,,2.0,0.0,0.0,0.0,0.0,28.0,0.071429,1255.6,23.4,0.513889
2024,TOR,8479982.0,Conor,Timmins,D,4.0,,,,,,,,,,,,0.0,1.0,1.0,4.0,,,-1.0,0.0,0.0,0.0,0.0,6.0,0.0,928.0,22.75,0.0
2024,TOR,8480043.0,Timothy,Liljegren,D,1.0,,,,,,,,,,,,0.0,0.0,0.0,2.0,,,0.0,0.0,0.0,0.0,0.0,0.0,0.0,835.0,25.0,0.0
2024,TOR,8480144.0,David,Kampf,C,5.0,,,,,,,,,,,,0.0,1.0,1.0,0.0,,,-2.0,0.0,0.0,0.0,0.0,4.0,0.0,663.2,16.4,0.46875
2024,TOR,8480995.0,Pontus,Holmberg,R,5.0,,,,,,,,,,,,0.0,1.0,1.0,2.0,,,-1.0,0.0,0.0,0.0,0.0,4.0,0.0,791.0,17.2,0.551724
2024,TOR,8481122.0,Simon,Benoit,D,5.0,,,,,,,,,,,,0.0,0.0,0.0,8.0,,,3.0,0.0,0.0,0.0,0.0,3.0,0.0,952.2,25.0,0.0
2024,TOR,8481582.0,Nicholas,Robertson,L,5.0,,,,,,,,,,,,0.0,0.0,0.0,0.0,,,0.0,0.0,0.0,0.0,0.0,7.0,0.0,739.8,16.2,0.0
2024,TOR,8482259.0,Bobby,McMann,C,4.0,,,,,,,,,,,,3.0,0.0,3.0,2.0,,,5.0,0.0,0.0,1.0,0.0,10.0,0.3,795.75,18.0,0.0
2024,TOR,8482720.0,Matthew,Knies,L,5.0,,,,,,,,,,,,1.0,1.0,2.0,0.0,,,5.0,0.0,0.0,0.0,0.0,13.0,0.076923,1063.6,22.8,0.0
2024,TBL,8476883.0,Andrei,Vasilevskiy,G,4.0,4.0,3.0,1.0,0.0,0.0,2.521715,0.90099,101.0,91.0,10.0,0.0,0.0,0.0,0.0,0.0,14276.0,2.0,,,,,,,,,,
2024,TBL,8474151.0,Ryan,McDonagh,D,4.0,,,,,,,,,,,,0.0,2.0,2.0,2.0,,,5.0,0.0,0.0,0.0,0.0,2.0,0.0,1254.75,26.5,0.0
2024,TBL,8474715.0,Cameron,Atkinson,R,2.0,,,,,,,,,,,,0.0,1.0,1.0,0.0,,,0.0,0.0,0.0,0.0,0.0,2.0,0.0,536.5,14.0,1.0
2024,TBL,8475167.0,Victor,Hedman,D,4.0,,,,,,,,,,,,0.0,4.0,4.0,2.0,,,3.0,0.0,0.0,0.0,0.0,12.0,0.0,1429.5,28.5,0.0
2024,TBL,8476453.0,Nikita,Kucherov,R,4.0,,,,,,,,,,,,7.0,2.0,9.0,0.0,,,6.0,1.0,0.0,2.0,0.0,22.0,0.318182,1308.25,23.75,0.0
2024,TBL,8476822.0,Luke,Glendening,C,4.0,,,,,,,,,,,,0.0,0.0,0.0,0.0,,,0.0,0.0,0.0,0.0,0.0,1.0,0.0,713.25,19.0,0.509804
2024,TBL,8476878.0,Zemgus,Girgensons,C,4.0,,,,,,,,,,,,0.0,0.0,0.0,0.0,,,0.0,0.0,0.0,0.0,0.0,4.0,0.0,674.75,17.0,0.666667
2024,TBL,8477404.0,Jake,Guentzel,C,4.0,,,,,,,,,,,,1.0,4.0,5.0,0.0,,,5.0,0.0,0.0,0.0,0.0,8.0,0.125,1165.5,24.0,0.55
2024,TBL,8477426.0,Nicholas,Paul,L,4.0,,,,,,,,,,,,1.0,3.0,4.0,4.0,,,2.0,0.0,0.0,0.0,0.0,8.0,0.125,965.75,22.0,0.5
2024,TBL,8477839.0,Conor,Sheary,L,2.0,,,,,,,,,,,,0.0,0.0,0.0,4.0,,,-1.0,0.0,0.0,0.0,0.0,0.0,0.0,643.5,15.5,0.0
2024,TBL,8478010.0,Brayden,Point,C,4.0,,,,,,,,,,,,2.0,2.0,4.0,0.0,,,5.0,1.0,0.0,1.0,0.0,9.0,0.222222,1222.0,22.75,0.428571
2024,TBL,8478178.0,Darren,Raddysh,D,4.0,,,,,,,,,,,,0.0,1.0,1.0,0.0,,,-1.0,0.0,0.0,0.0,0.0,4.0,0.0,996.25,20.5,0.0
2024,TBL,8478416.0,Erik,Cernak,D,4.0,,,,,,,,,,,,0.0,2.0,2.0,2.0,,,3.0,0.0,0.0,0.0,0.0,3.0,0.0,1200.25,26.75,0.0
2024,TBL,8478519.0,Anthony,Cirelli,C,4.0,,,,,,,,,,,,1.0,3.0,4.0,6.0,,,2.0,0.0,0.0,0.0,0.0,7.0,0.142857,1014.5,23.75,0.543478
2024,TBL,8479542.0,Brandon,Hagel,L,4.0,,,,,,,,,,,,2.0,2.0,4.0,2.0,,,3.0,0.0,0.0,0.0,0.0,8.0,0.25,1089.0,25.0,0.0
2024,TBL,8479591.0,Michael,Eyssimont,C,3.0,,,,,,,,,,,,0.0,0.0,0.0,2.0,,,0.0,0.0,0.0,0.0,0.0,4.0,0.0,617.6667,15.3333,0.0
2024,TBL,8480246.0,Nick,Perbix,D,3.0,,,,,,,,,,,,0.0,1.0,1.0,2.0,,,0.0,0.0,0.0,0.0,0.0,1.0,0.0,764.0,18.6667,0.0
2024,TBL,8482070.0,Mitchell,Chaffee,R,4.0,,,,,,,,,,,,1.0,1.0,2.0,2.0,,,2.0,0.0,0.0,0.0,0.0,2.0,0.5,595.5,14.75,0.0
2024,TBL,8482655.0,Janis,Moser,D,4.0,,,,,,,,,,,,1.0,2.0,3.0,2.0,,,6.0,0.0,0.0,0.0,0.0,4.0,0.25,1261.0,29.0,0.0
2024,TBL,8482929.0,Emil,Lilleberg,D,2.0,,,,,,,,,,,,0.0,1.0,1.0,2.0,,,0.0,0.0,0.0,0.0,0.0,1.0,0.0,708.5,17.0,0.0
2024,TBL,8483447.0,Conor,Geekie,C,4.0,,,,,,,,,,,,0.0,0.0,0.0,4.0,,,0.0,0.0,0.0,0.0,0.0,2.0,0.0,728.5,16.75,0.307692
2024,UTA,8478872.0,Karel,Vejmelka,G,1.0,1.0,0.0,1.0,0.0,0.0,3.093669,0.90625,32.0,29.0,3.0,0.0,0.0,0.0,0.0,0.0,3491.0,2.0,,,,,,,,,,
2024,UTA,8478971.0,Connor,Ingram,G,5.0,5.0,4.0,0.0,0.0,1.0,3.293864,0.881944,144.0,127.0,17.0,0.0,0.0,0.0,0.0,2.0,18580.0,2.0,,,,,,,,,,
2024,UTA,8474013.0,Ian,Cole,D,6.0,,,,,,,,,,,,0.0,1.0,1.0,12.0,,,0.0,0.0,0.0,0.0,0.0,4.0,0.0,1245.8333,29.8333,0.0
2024,UTA,8474145.0,Robert,Bortuzzo,D,2.0,,,,,,,,,,,,0.0,0.0,0.0,4.0,,,-2.0,0.0,0.0,0.0,0.0,0.0,0.0,624.0,20.0,0.0
2024,UTA,8477021.0,Alexander,Kerfoot,C,6.0,,,,,,,,,,,,0.0,2.0,2.0,0.0,,,1.0,0.0,0.0,0.0,0.0,13.0,0.0,934.1667,21.1667,0.44
2024,UTA,8477070.0,Liam,O'Brien,C,2.0,,,,,,,,,,,,0.0,0.0,0.0,0.0,,,0.0,0.0,0.0,0.0,0.0,1.0,0.0,581.0,13.5,0.0
2024,UTA,8477951.0,Nick,Schmaltz,C,6.0,,,,,,,,,,,,0.0,7.0,7.0,2.0,,,0.0,0.0,0.0,0.0,0.0,15.0,0.0,1152.0,24.3333,0.5
2024,UTA,8478474.0,Lawson,Crouse,L,6.0,,,,,,,,,,,,2.0,1.0,3.0,4.0,,,1.0,1.0,0.0,0.0,0.0,10.0,0.2,866.1667,21.6667,1.0
2024,UTA,8478831.0,Kevin,Stenlund,C,6.0,,,,,,,,,,,,1.0,0.0,1.0,6.0,,,-2.0,0.0,0.0,0.0,0.0,5.0,0.2,903.8333,22.3333,0.607143
2024,UTA,8479343.0,Clayton,Keller,R,6.0,,,,,,,,,,,,4.0,4.0,8.0,6.0,,,2.0,0.0,0.0,1.0,1.0,17.0,0.235294,1138.0,23.3333,0.4
2024,UTA,8479410.0,Mikhail,Sergachev,D,6.0,,,,,,,,,,,,0.0,4.0,4.0,2.0,,,0.0,0.0,0.0,0.0,0.0,9.0,0.0,1620.8333,33.8333,0.0
2024,UTA,8479619.0,Michael,Carcone,L,3.0,,,,,,,,,,,,0.0,0.0,0.0,0.0,,,-2.0,0.0,0.0,0.0,0.0,2.0,0.0,679.0,16.0,0.0
2024,UTA,8479976.0,Juuso,Valimaki,D,6.0,,,,,,,,,,,,0.0,0.0,0.0,2.0,,,0.0,0.0,0.0,0.0,0.0,5.0,0.0,1186.1667,27.5,0.0
2024,UTA,8479977.0,Kailer,Yamamoto,R,1.0,,,,,,,,,,,,0.0,0.0,0.0,0.0,,,0.0,0.0,0.0,0.0,0.0,0.0,0.0,661.0,16.0,0.0
2024,UTA,8480434.0,Sean,Durzi,D,4.0,,,,,,,,,,,,0.0,2.0,2.0,7.0,,,2.0,0.0,0.0,0.0,0.0,3.0,0.0,1287.5,27.75,0.0
2024,UTA,8480849.0,Barrett,Hayton,C,6.0,,,,,,,,,,,,4.0,2.0,6.0,0.0,,,1.0,1.0,0.0,1.0,0.0,14.0,0.285714,1027.5,24.5,0.6
2024,UTA,8480855.0,Jack,McBain,C,6.0,,,,,,,,,,,,2.0,1.0,3.0,17.0,,,1.0,0.0,0.0,0.0,0.0,6.0,0.333333,683.6667,18.1667,0.454545
2024,UTA,8480891.0,Michael,Kesselring,D,6.0,,,,,,,,,,,,2.0,2.0,4.0,7.0,,,7.0,0.0,0.0,1.0,1.0,9.0,0.222222,1178.5,30.0,0.0
2024,UTA,8481609.0,Vladislav,Kolyachonok,D,6.0,,,,,,,,,,,,1.0,1.0,2.0,2.0,,,-4.0,0.0,0.0,0.0,0.0,3.0,0.333333,781.5,20.8333,0.0
2024,UTA,8481711.0,Matias,Maccelli,L,6.0,,,,,,,,,,,,0.0,3.0,3.0,0.0,,,-2.0,0.0,0.0,0.0,0.0,9.0,0.0,748.1667,17.1667,0.0
2024,UTA,8482659.0,Josh,Doan,R,6.0,,,,,,,,,,,,1.0,1.0,2.0,6.0,,,0.0,0.0,0.0,0.0,0.0,5.0,0.2,799.6667,18.1667,0.411765
2024,UTA,8482699.0,Dylan,Guenther,R,6.0,,,,,,,,,,,,5.0,1.0,6.0,0.0,,,1.0,2.0,0.0,1.0,1.0,18.0,0.277778,946.5,21.8333,0.5
2024,UTA,8483431.0,Logan,Cooley,C,6.0,,,,,,,,,,,,0.0,6.0,6.0,2.0,,,2.0,0.0,0.0,0.0,0.0,13.0,0.0,886.3333,20.3333,0.452381
2024,VAN,8480947.0,Kevin,Lankinen,G,3.0,3.0,2.0,0.0,0.0,1.0,1.283194,0.952941,85.0,81.0,4.0,1.0,0.0,0.0,0.0,0.0,11222.0,2.0,,,,,,,,,,
2024,VAN,8481668.0,Arturs,Silovs,G,2.0,2.0,0.0,1.0,0.0,1.0,4.50125,0.826923,52.0,43.0,9.0,0.0,0.0,0.0,0.0,0.0,7198.0,2.0,,,,,,,,,,
2024,VAN,8474574.0,Tyler,Myers,D,5.0,,,,,,,,,,,,0.0,1.0,1.0,6.0,,,-1.0,0.0,0.0,0.0,0.0,8.0,0.0,1005.2,24.2,0.0
2024,VAN,8475762.0,Derek,Forbort,D,3.0,,,,,,,,,,,,0.0,1.0,1.0,2.0,,,-1.0,0.0,0.0,0.0,0.0,3.0,0.0,1013.3333,25.6667,0.0
2024,VAN,8476468.0,J.T.,Miller,C,5.0,,,,,,,,,,,,2.0,1.0,3.0,5.0,,,1.0,0.0,0.0,1.0,1.0,12.0,0.166667,1170.6,25.8,0.611111
2024,VAN,8476927.0,Teddy,Blueger,C,5.0,,,,,,,,,,,,2.0,1.0,3.0,5.0,,,0.0,0.0,0.0,0.0,0.0,5.0,0.4,802.0,19.8,0.486842
2024,VAN,8477369.0,Carson,Soucy,D,5.0,,,,,,,,,,,,0.0,0.0,0.0,2.0,,,-1.0,0.0,0.0,0.0,0.0,4.0,0.0,1156.4,29.8,0.0
2024,VAN,8478046.0,Danton,Heinen,L,5.0,,,,,,,,,,,,0.0,2.0,2.0,2.0,,,1.0,0.0,0.0,0.0,0.0,3.0,0.0,830.4,20.4,0.625
2024,VAN,8478444.0,Brock,Boeser,R,5.0,,,,,,,,,,,,3.0,2.0,5.0,4.0,,,0.0,1.0,0.0,0.0,0.0,13.0,0.230769,1133.6,24.2,0.375
2024,VAN,8478454.0,Noah,Juulsen,D,2.0,,,,,,,,,,,,0.0,0.0,0.0,0.0,,,-1.0,0.0,0.0,0.0,0.0,6.0,0.0,963.0,25.0,0.0
2024,VAN,8478466.0,Daniel,Sprong,R,3.0,,,,,,,,,,,,1.0,0.0,1.0,0.0,,,-2.0,1.0,0.0,0.0,0.0,6.0,0.166667,659.6667,15.6667,0.0
2024,VAN,8478498.0,Jake,DeBrusk,L,5.0,,,,,,,,,,,,0.0,4.0,4.0,6.0,,,1.0,0.0,0.0,0.0,0.0,9.0,0.0,1021.4,23.2,0.0
2024,VAN,8478856.0,Conor,Garland,R,5.0,,,,,,,,,,,,2.0,2.0,4.0,2.0,,,1.0,1.0,0.0,0.0,0.0,11.0,0.181818,1131.2,24.2,1.0
2024,VAN,8479425.0,Filip,Hronek,D,5.0,,,,,,,,,,,,0.0,1.0,1.0,4.0,,,2.0,0.0,0.0,0.0,0.0,8.0,0.0,1447.0,32.6,0.0
2024,VAN,8479576.0,Vincent,Desharnais,D,3.0,,,,,,,,,,,,0.0,0.0,0.0,4.0,,,-1.0,0.0,0.0,0.0,0.0,1.0,0.0,842.0,22.3333,0.0
2024,VAN,8480012.0,Elias,Pettersson,C,5.0,,,,,,,,,,,,0.0,2.0,2.0,2.0,,,0.0,0.0,0.0,0.0,0.0,8.0,0.0,1200.6,24.2,0.492308
2024,VAN,8480073.0,Erik,Brannstrom,D,2.0,,,,,,,,,,,,0.0,0.0,0.0,0.0,,,1.0,0.0,0.0,0.0,0.0,1.0,0.0,783.5,19.5,0.0
2024,VAN,8480459.0,Pius,Suter,C,4.0,,,,,,,,,,,,0.0,1.0,1.0,0.0,,,-1.0,0.0,0.0,0.0,0.0,4.0,0.0,751.0,18.75,0.555556
2024,VAN,8480748.0,Kiefer,Sherwood,L,5.0,,,,,,,,,,,,1.0,1.0,2.0,4.0,,,0.0,0.0,0.0,0.0,0.0,11.0,0.090909,735.0,19.0,0.333333
2024,VAN,8480800.0,Quinn,Hughes,D,5.0,,,,,,,,,,,,1.0,3.0,4.0,0.0,,,2.0,0.0,0.0,0.0,0.0,17.0,0.058824,1564.0,27.2,0.0
2024,VAN,8481535.0,Nils,Hoglander,L,5.0,,,,,,,,,,,,2.0,1.0,3.0,4.0,,,1.0,0.0,0.0,1.0,0.0,8.0,0.25,909.8,21.6,0.0
2024,VAN,8482496.0,Nils,Aman,C,3.0,,,,,,,,,,,,0.0,1.0,1.0,0.0,,,-1.0,0.0,0.0,0.0,0.0,2.0,0.0,623.3333,16.0,0.416667
2024,VAN,8482691.0,Aatu,Raty,C,3.0,,,,,,,,,,,,0.0,1.0,1.0,2.0,,,0.0,0.0,0.0,0.0,0.0,1.0,0.0,581.3333,15.6667,0.608696
2024,VAN,8483395.0,Arshdeep,Bains,L,2.0,,,,,,,,,,,,0.0,0.0,0.0,0.0,,,-1.0,0.0,0.0,0.0,0.0,1.0,0.0,824.5,19.0,0.0
2024,VGK,8478492.0,Ilya,Samsonov,G,2.0,2.0,1.0,0.0,0.0,1.0,2.405452,0.930556,72.0,67.0,5.0,0.0,0.0,0.0,0.0,0.0,7483.0,2.0,,,,,,,,,,
2024,VGK,8478499.0,Adin,Hill,G,4.0,4.0,2.0,2.0,0.0,0.0,3.811137,0.851485,101.0,86.0,15.0,0.0,0.0,0.0,0.0,0.0,14169.0,2.0,,,,,,,,,,
2024,VGK,8474565.0,Alex,Pietrangelo,D,6.0,,,,,,,,,,,,0.0,3.0,3.0,0.0,,,2.0,0.0,0.0,0.0,0.0,10.0,0.0,1292.6667,25.1667,0.0
2024,VGK,8475188.0,Brayden,McNabb,D,6.0,,,,,,,,,,,,1.0,1.0,2.0,8.0,,,5.0,0.0,0.0,0.0,0.0,12.0,0.083333,1082.6667,21.6667,0.0
2024,VGK,8475913.0,Mark,Stone,R,6.0,,,,,,,,,,,,2.0,7.0,9.0,0.0,,,5.0,1.0,0.0,0.0,0.0,11.0,0.181818,1222.1667,22.6667,0.0
2024,VGK,8476871.0,Tanner,Pearson,L,6.0,,,,,,,,,,,,1.0,2.0,3.0,0.0,,,1.0,0.0,0.0,0.0,0.0,6.0,0.166667,714.0,16.3333,0.0
2024,VGK,8476881.0,Tomas,Hertl,C,6.0,,,,,,,,,,,,1.0,2.0,3.0,0.0,,,-3.0,1.0,0.0,1.0,0.0,8.0,0.125,1150.0,22.0,0.557692
2024,VGK,8477447.0,Shea,Theodore,D,6.0,,,,,,,,,,,,1.0,6.0,7.0,2.0,,,-2.0,0.0,0.0,0.0,0.0,10.0,0.1,1316.1667,22.8333,0.0
2024,VGK,8477964.0,Ivan,Barbashev,C,6.0,,,,,,,,,,,,4.0,4.0,8.0,0.0,,,5.0,0.0,0.0,0.0,0.0,10.0,0.4,982.3333,19.1667,0.0
2024,VGK,8478109.0,Victor,Olofsson,L,4.0,,,,,,,,,,,,3.0,0.0,3.0,0.0,,,0.0,2.0,0.0,1.0,0.0,11.0,0.272727,903.0,17.5,0.0
2024,VGK,8478396.0,Noah,Hanifin,D,6.0,,,,,,,,,,,,0.0,1.0,1.0,4.0,,,-3.0,0.0,0.0,0.0,0.0,7.0,0.0,1225.5,24.0,0.0
2024,VGK,8478403.0,Jack,Eichel,C,6.0,,,,,,,,,,,,2.0,8.0,10.0,0.0,,,5.0,0.0,0.0,0.0,0.0,13.0,0.153846,1290.8333,22.3333,0.455446
2024,VGK,8478434.0,Keegan,Kolesar,R,6.0,,,,,,,,,,,,1.0,2.0,3.0,0.0,,,2.0,0.0,0.0,0.0,0.0,4.0,0.25,733.1667,16.1667,0.333333
2024,VGK,8478462.0,Nicolas,Roy,C,6.0,,,,,,,,,,,,1.0,2.0,3.0,6.0,,,-1.0,0.0,0.0,1.0,0.0,4.0,0.25,940.5,19.3333,0.538462
2024,VGK,8479353.0,Brett,Howden,C,6.0,,,,,,,,,,,,3.0,0.0,3.0,0.0,,,-3.0,0.0,0.0,0.0,0.0,15.0,0.2,903.8333,18.8333,0.608696
2024,VGK,8479980.0,Nicolas,Hague,D,6.0,,,,,,,,,,,,0.0,0.0,0.0,0.0,,,0.0,0.0,0.0,0.0,0.0,3.0,0.0,1023.6667,21.1667,0.0
2024,VGK,8480727.0,Zach,Whitecloud,D,6.0,,,,,,,,,,,,1.0,0.0,1.0,2.0,,,3.0,0.0,0.0,0.0,0.0,7.0,0.142857,1098.8333,21.5,0.0
2024,VGK,8481604.0,Pavel,Dorofeyev,L,6.0,,,,,,,,,,,,2.0,0.0,2.0,2.0,,,-1.0,1.0,0.0,0.0,0.0,10.0,0.2,863.0,17.1667,0.0
2024,VGK,8481655.0,Cole,Schwindt,R,5.0,,,,,,,,,,,,0.0,1.0,1.0,0.0,,,0.0,0.0,0.0,0.0,0.0,5.0,0.0,539.4,13.0,0.655172
2024,VGK,8482125.0,Alexander,Holtz,R,6.0,,,,,,,,,,,,0.0,0.0,0.0,0.0,,,-3.0,0.0,0.0,0.0,0.0,10.0,0.0,774.5,15.5,0.0
2024,VGK,8482153.0,Brendan,Brisson,C,3.0,,,,,,,,,,,,0.0,0.0,0.0,0.0,,,0.0,0.0,0.0,0.0,0.0,2.0,0.0,580.6667,14.3333,0.0
2024,WPG,8476945.0,Connor,Hellebuyck,G,4.0,4.0,4.0,0.0,0.0,0.0,1.249133,0.952381,105.0,100.0,5.0,1.0,0.0,0.0,0.0,0.0,14410.0,2.0,,,,,,,,,,
2024,WPG,8477480.0,Eric,Comrie,G,1.0,1.0,1.0,0.0,0.0,0.0,3.005845,0.928571,42.0,39.0,3.0,0.0,0.0,0.0,0.0,0.0,3593.0,2.0,,,,,,,,,,
2024,WPG,8475799.0,Nino,Niederreiter,R,5.0,,,,,,,,,,,,1.0,2.0,3.0,2.0,,,6.0,0.0,0.0,0.0,0.0,11.0,0.090909,930.6,20.0,0.75
2024,WPG,8476331.0,Dylan,DeMelo,D,5.0,,,,,,,,,,,,0.0,1.0,1.0,4.0,,,2.0,0.0,0.0,0.0,0.0,2.0,0.0,1244.0,26.0,0.0
2024,WPG,8476392.0,Adam,Lowry,C,5.0,,,,,,,,,,,,2.0,2.0,4.0,2.0,,,6.0,0.0,0.0,2.0,0.0,8.0,0.25,909.8,21.0,0.468085
2024,WPG,8476460.0,Mark,Scheifele,C,5.0,,,,,,,,,,,,5.0,3.0,8.0,0.0,,,3.0,1.0,0.0,1.0,1.0,15.0,0.333333,1237.4,20.0,0.5
2024,WPG,8476480.0,Vladislav,Namestnikov,C,5.0,,,,,,,,,,,,2.0,3.0,5.0,0.0,,,4.0,0.0,0.0,0.0,0.0,4.0,0.5,812.4,17.8,0.566038
2024,WPG,8476525.0,Colin,Miller,D,5.0,,,,,,,,,,,,0.0,3.0,3.0,2.0,,,3.0,0.0,0.0,0.0,0.0,8.0,0.0,867.8,18.8,0.0
2024,WPG,8477504.0,Josh,Morrissey,D,5.0,,,,,,,,,,,,1.0,6.0,7.0,2.0,,,7.0,0.0,0.0,0.0,0.0,10.0,0.1,1454.0,26.0,0.0
2024,WPG,8477938.0,Haydn,Fleury,D,4.0,,,,,,,,,,,,0.0,0.0,0.0,0.0,,,0.0,0.0,0.0,0.0,0.0,5.0,0.0,903.0,18.75,0.0
2024,WPG,8477940.0,Nikolaj,Ehlers,L,5.0,,,,,,,,,,,,2.0,5.0,7.0,0.0,,,5.0,1.0,0.0,0.0,0.0,13.0,0.153846,883.4,17.8,0.0
2024,WPG,8478398.0,Kyle,Connor,L,5.0,,,,,,,,,,,,4.0,1.0,5.0,2.0,,,4.0,2.0,0.0,1.0,1.0,20.0,0.2,1190.6,20.0,0.0
2024,WPG,8478891.0,Mason,Appleton,C,5.0,,,,,,,,,,,,2.0,3.0,5.0,0.0,,,5.0,0.0,0.0,0.0,0.0,12.0,0.166667,890.0,19.8,1.0
2024,WPG,8479378.0,Logan,Stanley,D,1.0,,,,,,,,,,,,0.0,1.0,1.0,0.0,,,1.0,0.0,0.0,0.0,0.0,2.0,0.0,1012.0,21.0,0.0
2024,WPG,8480014.0,Gabriel,Vilardi,C,5.0,,,,,,,,,,,,0.0,3.0,3.0,0.0,,,1.0,0.0,0.0,0.0,0.0,5.0,0.0,1141.0,18.8,0.5
2024,WPG,8480049.0,Dylan,Samberg,D,5.0,,,,,,,,,,,,1.0,0.0,1.0,0.0,,,3.0,0.0,0.0,0.0,0.0,8.0,0.125,1256.2,26.2,0.0
2024,WPG,8480113.0,Alex,Iafallo,L,5.0,,,,,,,,,,,,0.0,2.0,2.0,0.0,,,-1.0,0.0,0.0,0.0,0.0,3.0,0.0,742.6,17.6,1.0
2024,WPG,8480145.0,Neal,Pionk,D,5.0,,,,,,,,,,,,1.0,5.0,6.0,0.0,,,5.0,1.0,0.0,1.0,0.0,9.0,0.111111,1230.6,25.2,0.0
2024,WPG,8480289.0,Morgan,Barron,C,5.0,,,,,,,,,,,,0.0,1.0,1.0,2.0,,,-2.0,0.0,0.0,0.0,0.0,8.0,0.0,699.6,17.6,1.0
2024,WPG,8480845.0,Rasmus,Kupari,C,4.0,,,,,,,,,,,,1.0,0.0,1.0,2.0,,,0.0,0.0,0.0,0.0,0.0,6.0,0.166667,638.0,15.75,0.551724
2024,WPG,8481019.0,David,Gustafsson,C,1.0,,,,,,,,,,,,0.0,0.0,0.0,0.0,,,-1.0,0.0,0.0,0.0,0.0,2.0,0.0,621.0,16.0,0.3
2024,WPG,8482149.0,Cole,Perfetti,C,5.0,,,,,,,,,,,,2.0,2.0,4.0,0.0,,,4.0,2.0,0.0,0.0,0.0,12.0,0.166667,823.2,16.8,0.333333
2024,WSH,8479292.0,Charlie,Lindgren,G,2.0,2.0,1.0,1.0,0.0,0.0,3.05949,0.892857,56.0,50.0,6.0,0.0,0.0,0.0,0.0,0.0,7060.0,2.0,,,,,,,,,,
2024,WSH,8480313.0,Logan,Thompson,G,2.0,2.0,2.0,0.0,0.0,0.0,3.409091,0.877193,57.0,50.0,7.0,0.0,0.0,0.0,0.0,0.0,7392.0,2.0,,,,,,,,,,
2024,WSH,8471214.0,Alex,Ovechkin,L,4.0,,,,,,,,,,,,1.0,3.0,4.0,0.0,,,0.0,0.0,0.0,0.0,0.0,13.0,0.076923,1101.0,19.75,0.0
2024,WSH,8474590.0,John,Carlson,D,4.0,,,,,,,,,,,,1.0,4.0,5.0,0.0,,,3.0,1.0,0.0,0.0,0.0,8.0,0.125,1587.0,28.0,0.0
2024,WSH,8475343.0,Nic,Dowd,C,4.0,,,,,,,,,,,,0.0,1.0,1.0,6.0,,,2.0,0.0,0.0,0.0,0.0,4.0,0.0,1046.5,23.5,0.521739
2024,WSH,8475795.0,Dylan,McIlrath,D,3.0,,,,,,,,,,,,0.0,0.0,0.0,2.0,,,-1.0,0.0,0.0,0.0,0.0,2.0,0.0,626.0,14.3333,0.0
2024,WSH,8476880.0,Tom,Wilson,R,4.0,,,,,,,,,,,,5.0,1.0,6.0,2.0,,,1.0,1.0,0.0,1.0,1.0,12.0,0.416667,1153.5,24.0,0.0
2024,WSH,8477845.0,Trevor,van Riemsdyk,D,4.0,,,,,,,,,,,,0.0,2.0,2.0,0.0,,,2.0,0.0,0.0,0.0,0.0,10.0,0.0,1175.75,24.5,0.0
2024,WSH,8477944.0,Jakub,Vrana,L,3.0,,,,,,,,,,,,1.0,0.0,1.0,0.0,,,1.0,0.0,0.0,0.0,0.0,4.0,0.25,509.6667,11.0,0.5
2024,WSH,8477947.0,Sonny,Milano,L,1.0,,,,,,,,,,,,0.0,0.0,0.0,0.0,,,-3.0,0.0,0.0,0.0,0.0,1.0,0.0,352.0,14.0,0.0
2024,WSH,8478233.0,Andrew,Mangiapane,L,4.0,,,,,,,,,,,,1.0,1.0,2.0,2.0,,,2.0,0.0,0.0,0.0,0.0,7.0,0.142857,868.25,19.0,1.0
2024,WSH,8478440.0,Dylan,Strome,C,4.0,,,,,,,,,,,,3.0,4.0,7.0,0.0,,,2.0,0.0,0.0,0.0,0.0,9.0,0.333333,1086.75,20.5,0.528571
2024,WSH,8478911.0,Matt,Roy,D,1.0,,,,,,,,,,,,0.0,0.0,0.0,0.0,,,-2.0,0.0,0.0,0.0,0.0,2.0,0.0,519.0,12.0,0.0
2024,WSH,8479345.0,Jakob,Chychrun,D,4.0,,,,,,,,,,,,1.0,2.0,3.0,4.0,,,5.0,0.0,0.0,0.0,0.0,9.0,0.111111,1320.0,25.0,0.0
2024,WSH,8479390.0,Taylor,Raddysh,R,4.0,,,,,,,,,,,,1.0,0.0,1.0,0.0,,,0.0,0.0,0.0,1.0,0.0,4.0,0.25,782.25,18.75,0.0
2024,WSH,8479400.0,Pierre-Luc,Dubois,L,4.0,,,,,,,,,,,,0.0,2.0,2.0,4.0,,,-1.0,0.0,0.0,0.0,0.0,3.0,0.0,1037.25,21.5,0.38
2024,WSH,8479520.0,Brandon,Duhaime,R,4.0,,,,,,,,,,,,0.0,0.0,0.0,9.0,,,0.0,0.0,0.0,0.0,0.0,4.0,0.0,923.5,21.75,0.0
2024,WSH,8480796.0,Martin,Fehervary,D,4.0,,,,,,,,,,,,0.0,0.0,0.0,2.0,,,-3.0,0.0,0.0,0.0,0.0,4.0,0.0,1139.75,20.75,0.0
2024,WSH,8480873.0,Rasmus,Sandin,D,4.0,,,,,,,,,,,,0.0,0.0,0.0,2.0,,,1.0,0.0,0.0,0.0,0.0,3.0,0.0,1122.0,22.75,0.0
2024,WSH,8481580.0,Connor,McMichael,C,4.0,,,,,,,,,,,,1.0,3.0,4.0,2.0,,,2.0,0.0,0.0,0.0,0.0,10.0,0.1,983.0,22.25,0.363636
2024,WSH,8481656.0,Aliaksei,Protas,C,4.0,,,,,,,,,,,,1.0,2.0,3.0,0.0,,,-1.0,0.0,0.0,1.0,0.0,6.0,0.166667,838.5,19.5,0.5
2024,WSH,8482148.0,Hendrix,Lapierre,C,4.0,,,,,,,,,,,,0.0,0.0,0.0,0.0,,,-3.0,0.0,0.0,0.0,0.0,2.0,0.0,564.0,13.5,0.272727
